lon,lat,radius_lon,radius_lat,count,neighbors
109.60,21.20,0.58,0.54,72,"G7537,G7536,GG310,G7431,G7535,G7534,G2472,G2471,G2477,GG312,GG318,GG210,GG309,GG317,G7434,G7439,G2475,GG212,G7414,GG315,G7433,G7565,G7566,G2474,GG213,G7432,GG214,GG211,G7461,G2480,G7567,GG316,G7468,GG205,GG405,G2484,G2402,GG301,G2468,GG308,GG415,G2470,GG412,G7436,G7418,G7470,GG215,GG304,G2487,G2405,GG305,G7473,G2462,GG314,GG306,G7471,G7510,59750,GG413,G7472,GG313,G7460,GG203,G2466,G2473,G7531,G7415,G7419,GG307,G7474,G2476,G2481"
110.20,20.60,0.58,0.54,98,"GG218,G2488,GG101,GG206,G7443,G2482,GG107,G7410,G2489,G7440,G2486,G7441,GG204,GG104,G7516,G7517,G2444,GG216,G2446,GG202,GG219,G7544,GG103,G7444,G7475,GG109,G7447,G7411,GG102,G7525,G2483,G7412,59755,G7513,G2416,G7442,GG110,G7541,G7548,GG111,G2441,GG207,G7542,G7416,G7540,G7474,G7446,G7417,GG108,G2443,GG217,GG201,G7524,G7413,G2440,G2449,GG203,G2448,G2481,G2447,G2445,G7445,G7419,G7510,GG208,G2485,59754,GG106,G7543,G7571,G7570,59759,G7418,G7448,59750,G7415,G7422,G2484,GG215,GG209,G2442,GG105,GG211,G2487,G2402,G2426,GG205,GG213,G2405,GG214,G2401,59751,G2480,G2422,G7430,G7414,G7522,G7523"
110.20,21.20,0.58,0.54,182,"GG011,G7531,GG012,GG313,G2400,GG302,G2476,G7430,GG010,GG314,GG001,59658,G2425,GG007,GG304,G7473,G7436,G2470,GG002,GG003,G2426,GG006,G7423,G2421,G2404,G2478,GG305,G2473,G2405,G7491,GG301,G2420,G2408,G2409,G2479,G2410,G2411,G7432,59650,G2423,GG307,G7490,GG316,G2480,GG303,G2412,G2413,G7521,G7532,GG308,59657,G7415,GG306,G7422,G7435,GG311,G2402,G7437,G7438,GG214,59750,GG215,G2422,GG212,G7472,G2428,G2427,GG414,GG408,G2475,G2481,G7433,G7524,G7439,GG315,G7419,G2414,G2415,G2462,G7460,G7510,GG309,G7523,G7522,GG005,G7467,G2474,G7421,G2460,G2424,GG217,G7457,G2401,59751,G7434,G7525,G7471,G7458,G7418,G2471,G7416,GG317,GG211,G7420,GG013,GG420,G7468,GG416,G7513,G7469,GG004,G7456,G2451,G7534,G7535,G7411,GG503,G2472,G2403,G2406,GG318,G7474,GG421,G2407,GG310,G7431,GG202,GK211,G2463,G2455,G7563,G7536,G7537,GG216,G2483,G7459,GG415,59654,G7465,G2554,G7463,G7412,G7414,G7566,G7565,GG504,G2484,G7461,G2465,G2457,GG401,G2477,GG219,G2482,G7470,G2416,G7814,GG213,GG312,G7821,G2466,GG411,GK213,G7966,GK222,GG412,GG405,GG410,G7517,G7516,G7453,GG407,G7815,G2557,G2489,GG207,GG203,GG210,G2453,G7454,G2467,G2458"
110.20,21.80,0.58,0.54,151,"GG419,G7464,GG418,G7466,GG407,G7462,GG417,G7560,GG402,GG409,G2465,G2461,GG406,G7463,G7820,G7563,G2464,GG421,59654,GG401,G2467,GG410,G2463,G7829,GG403,GK215,GG416,GK213,GK218,G7465,G2552,GG404,G7821,G7469,GK205,GK214,GK224,G7467,GG411,G2551,G7828,G2407,GK225,G2505,GK226,G2466,G2557,GK223,GG420,GG408,GK209,G7822,GK202,GK212,G7471,G7813,G7438,G7460,G7824,G2460,G2554,G7435,G7812,GG413,G2550,G7472,GK206,GK204,G7819,G2462,GG414,59655,G7830,GG311,G7470,GK207,GG415,G7827,G2553,G7532,G7701,GG412,G7814,59650,GK201,G7816,GG307,GG306,G7468,GK220,G7831,G2479,GG303,GG405,GK217,G7456,G7437,G7461,G2473,G2404,G7826,GK211,GK421,GK402,G7815,GK219,GK222,G2468,GK416,G2555,G7966,GG005,GG308,G2428,G7567,G2558,G2478,G7865,G2556,G2474,GK210,G2528,GK216,GG305,GK221,GK419,G7869,G7566,G7565,G7823,GG316,GG001,G2526,GK406,GG301,G7825,GK208,G7918,GK401,G7857,G7818,G2455,GG007,G2476,G7421,GK002,G2425,G2421,G7811,G7433,GK203"
110.80,21.20,0.58,0.54,146,"G7459,G2403,G2406,GG004,G7420,G2457,G7552,G7553,GG504,G2450,G7454,59656,GG503,G7458,GG506,GG013,G2451,G7550,G2453,G2459,G7457,G2424,G7455,GG505,G2458,G7921,G2456,GG507,G2518,G2427,GG501,GG502,G7453,G2455,G7421,G2414,G2415,G7523,G7522,G2508,G2401,59751,GK806,G7736,G7735,GK811,G2454,G7451,59657,G7817,G7490,G2422,G2549,G7521,G2423,G2513,G2411,G2410,G2413,G2412,GG005,GK211,G2420,G7966,G7491,GK222,G7456,G2428,G2409,G2408,59664,G7738,G7737,G2452,G7815,GK003,G7916,G7823,G2544,G7721,G7423,G7719,GG003,G7712,GG002,GG006,G7915,G2517,GK217,G7437,G2421,GK221,G7732,G7731,G7814,GK001,GK210,G7969,59658,G2507,G2554,G2509,G7917,G7918,G7831,G7422,G2460,G2425,GG414,G7914,GG010,G2515,GG303,G2510,G2478,G2545,GG007,G7723,G2542,G2548,GK808,GK220,GG420,G7825,G7919,G7722,G7913,G2516,G7730,G7729,G7734,G7733,GG311,GK002,G2557,G2506,GG011,G7701,G7824,G7715,G7716,GG012,GG001,G7532,G7720,G2407"
110.80,21.80,0.58,0.54,258,"GK413,G7857,G7912,G7859,G7869,GK416,G7860,GK002,G7913,G7865,59659,GK407,G7825,GK421,G2529,G7914,G7907,GK419,G2528,G7904,G7918,G7919,G7863,G2510,GK401,59653,GK001,G7864,G7816,G7908,G2517,G2509,GK402,G2515,GK423,GK406,G7906,G7861,G2507,GK210,GK221,G2504,59655,G7819,G7915,G7701,G2571,G2516,G2452,GK422,GK220,G7813,G2526,GK212,G7862,GK414,G7823,G7831,G7822,G7909,GK427,GK425,G7917,GK415,G2513,G7916,GK432,GK420,G7812,GK417,G2570,GK400,GK424,G7817,GK802,GK217,G2527,GK225,GK436,G7824,G2454,G7451,GK808,GK426,G2506,G7900,GK223,GK224,GK806,GK214,G7713,GK412,GK804,GK811,G7815,GK216,G7868,GK226,G2555,59664,GG501,G7853,GG502,GK222,G2557,G2524,G2551,G7814,G7966,GG507,GK209,G2552,G7902,G7723,G2546,G2553,G7720,GK807,GK201,GK803,GK204,GK208,GK215,G7969,G7719,G2508,GG505,GK409,G7866,G2556,G7455,G7715,G2549,GK202,G2458,GK218,G7453,G2518,G7811,G2544,G2522,G2459,G7829,GK434,G7867,G2541,G7828,G7550,G2558,GK408,G7818,G2554,GK405,G7851,G2453,GK203,G7821,GK403,G2456,GK433,G2501,G7712,GK213,G7820,59656,G7858,G7910,GK211,G2520,G7827,G7737,G7738,G7736,G7735,G7921,G7454,GK404,GG506,G7714,G2450,GK805,G7553,G7552,G7711,GK430,GK219,G2455,GK429,G7456,G7967,GK206,G2530,G2545,GK205,G7560,GK003,G2505,GK431,G2407,GG401,G7903,G2521,G7726,G2572,GK615,GG420,GG504,G2461,G2457,GK611,G7721,GK418,GK435,G2550,G7732,G7731,G7462,G7852,G7716,G7722,G2523,G2561,G2460,G7727,G7854,59654,G2525,G2451,G7469,G7905,GG005,G7730,G7729,GK616,G7421,G2463,G2548,G2542,GG503,GG013,G7724,G2537,G7962,GK428,G7725,G7826,GK810,GK207,GG419,G2465,G7459,G7563,G2428,G7717,G7762,GG416,G7457,G2573"
110.80,22.40,0.58,0.54,154,"G7754,GK617,G7760,G2537,GK616,G7767,G7761,G2533,GK601,59456,GK618,G2569,G2538,GK611,GK612,G7759,GK606,GK619,G2561,GK429,G2539,G7968,GK609,G7762,G7962,G2521,G2530,GK430,GK615,G7858,GK433,GK405,G7764,G2534,G7903,G7867,G7763,G7902,GK605,GK621,GK604,GK431,GK608,GK203,G7758,G7852,G7811,G2532,GK404,G2562,G2522,G7818,G7868,GK412,GK436,GK208,G2570,GK426,G2558,GK415,G2556,G7765,G7961,G2563,GK219,GK216,G2523,GK408,G2564,G2531,GK614,GK603,GK432,G2573,GK602,G2555,G2572,G2565,G2566,GK607,G2567,GK428,GK434,G2568,G2524,G7826,G3078,G2520,G2574,G2526,G2576,G7861,G2575,G2560,G7755,GK435,G7827,GK201,G7906,G7905,G7908,G7862,GK406,G2553,G9243,GK420,GW610,G7769,G7757,GK206,G7851,G3097,GK204,59653,G3047,G7909,GK401,G2550,G7856,GK620,GK207,GW611,G7855,G2529,GK409,G7910,GK407,G7907,GK610,GK402,G7900,GK202,G7960,G7830,GK419,G7901,G2528,G3055,GK209,G7904,G2571,G2525,G3094,G7812,GK410,G2503,G7860,G7853,G2505,G3058,G2536,G3095,GK223,GK411"
111.40,21.20,0.58,0.54,67,"59665,G7734,G7733,G2543,G7922,G7920,G2542,G2548,G2369,G7739,G7740,G7729,G7730,G2332,G7732,G7731,G7333,G7334,G7718,G7722,G7721,GQ026,G7716,G2540,59669,G7131,GK003,G7332,GQ030,GQ029,G7335,G7336,G2545,G2335,G7717,G7738,G7737,G7132,G7712,G7736,G7735,GK801,G2337,GQ028,GQ027,G7133,G7921,G2544,GQ024,G7719,GK809,G7725,G7969,G2549,G2456,G7715,G2336,G7723,G2508,GG506,59664,G7720,GK807,G2518,G2547,G2450,G2541"
111.40,21.80,0.58,0.54,236,"G2370,GK810,GQ025,G7350,G7349,G7724,G2547,GQ016,G7314,G7315,G7727,G2336,GK809,GQ053,G7725,GQ024,G7354,G7711,G2340,GQ022,GK805,G7726,GK801,G7967,G7133,G2501,G2366,G2333,G7714,G2368,GQ054,G7132,G2335,G7717,G2331,GK403,GQ030,GK803,GK418,G2540,G7866,G2541,G2546,GQ027,GQ014,GQ049,G7718,GK804,G7332,GQ015,G2337,G7854,G7740,G7739,G2332,GQ029,G7713,GQ057,G2346,GQ021,GQ026,GQ047,G2369,G7920,GK424,GQ028,GK807,G2343,GK802,G7355,G2350,G2352,G7720,G7334,G7333,G7922,G7716,G7715,GK417,G7331,G7356,GK425,G2525,G7853,G2527,G2330,GQ013,G2545,G7722,GQ038,G7910,GK400,G7730,G7729,GQ023,G2506,GQ036,GK422,GK414,GK409,G7723,GQ046,GK427,GK410,G2548,G2542,G2543,G2334,59665,G7336,G7335,G2504,G7131,59669,GK808,G7900,G7190,G7851,G7322,G2364,GK423,G2311,G7969,G7733,G7734,G2314,G7732,G7731,GQ059,G7712,GK411,GK435,G2571,G7905,GQ040,G2317,G7917,G7144,G7856,G2503,GQ058,G2516,G2520,G7863,G7721,G2306,G2308,G7864,GQ001,G7719,G2544,GK003,G7352,G2351,GK434,G7909,GK420,G7737,G7738,GQ003,G2524,GQ011,GQ050,G2572,GQ060,GQ045,G2515,GK428,G2309,GQ004,GQ035,G2507,59659,G7855,GK408,59664,GQ018,G2523,G7862,G2304,GQ002,G7901,G2574,G7904,G2573,G2509,G2549,G7919,G2367,G7916,G7768,G2510,G7915,G2575,GQ044,59469,G2348,G2305,G2576,G7859,G7736,G7735,G7351,GQ052,G7141,G2328,G2310,G2565,G7353,GK432,G7906,G7907,GK404,G2568,GQ041,G7317,GQ055,G7860,59653,G2564,G2508,G2567,G7852,G7319,G7320,G2522,G2307,G2566,G2363,GK426,GK431,G2563,G7912,GQ037,G7914,59663"
111.40,22.40,0.58,0.54,218,"G2535,G7766,GK613,G3057,G2536,GK610,G7960,GQ043,GK620,G7768,G2363,G7757,G2560,G3094,GQ044,GW615,G3043,G7901,G3075,GW607,G7755,G2502,GW605,G7855,GK607,G3095,GK603,G7961,G2568,G7769,G2567,G2576,G2566,G2503,G2575,G3056,GK411,GK602,G7756,G2565,G3058,G7322,G2564,G7963,G2348,G2364,G3048,G2574,G2563,GQ032,GW608,G3055,G7856,G3077,GK614,GW616,GK608,G3051,G2562,G7352,G3042,G7765,G2573,GW621,G7356,GK604,GQ060,G3090,GW606,G2532,GK410,G7763,GK428,G7144,G2350,GQ035,G3054,G2344,G3079,GW609,GQ048,G7905,GW620,GQ045,G7355,GQ057,GK621,G3046,G9240,G3092,G2534,G2362,G3078,GQ037,G2523,G3052,GW602,G2525,GW601,G2346,GK435,G9243,G3045,G3047,G2531,GQ049,GQ031,59462,GQ041,G7852,GK609,G2572,GW619,G3040,G2539,G2351,GK619,G7351,GQ059,G7758,G7854,GW611,G2372,G3097,G3076,G3059,GW610,G7762,G3091,G2352,G7962,GK612,G7968,GK431,G3053,G9242,G2354,G2520,G3044,GW617,G2538,G3098,G7353,GK601,G7764,G2353,GQ058,G2569,G7903,GQ033,G7910,GK404,59469,G2345,GQ042,GK418,G2347,GW603,GQ015,59456,G3096,G7851,G7141,GW600,GQ017,GK408,GK615,G2561,GW618,GK434,GQ056,G2340,G7761,G3083,G7354,GQ036,GK605,GW106,G2306,GQ038,GK409,GW614,G3041,G7759,GW612,G3099,GQ046,G2522,G2342,G3093,G2355,G2524,GW604,GQ047,G2343,G3089,G2530,GW100,GQ034,GW409,G7142,GQ050,G7143,G2367,GW105,G7726,GW411,GQ016,G3034,G2366,G7853,GW613,G7967,GK618,G7858,G7714,G7900,GK403"
111.40,23.00,0.59,0.54,160,"G9462,G3081,GW604,G3035,GW405,G3037,G3034,G9463,G3030,GW603,G3082,G3044,GW617,G3038,G9467,G3085,G3089,GW406,G3033,GW404,GW413,GW412,G3087,G9242,G3036,G8173,GW401,G3080,G3053,GW411,GW402,G9461,G3091,GW415,G9240,G3059,G9460,G3083,GW414,GW609,G3092,G3098,59268,GH302,G3052,G3046,G3079,G3031,GW600,GW614,GW403,GW407,GW601,G2631,G8103,G3086,GW602,G8168,G8115,G8152,G3040,GW621,G3054,GW611,GW409,GW410,59462,GW608,G8137,G3096,G3084,G8174,G2640,G3048,G3097,G3047,GW100,GW610,G8126,G8160,GW612,G3055,G3076,G9243,G8148,GW408,G3088,G8162,G3056,G3058,GW616,GW101,G3090,G3026,G3051,G3032,G3041,G8136,GW620,59264,G8114,G8112,G3095,G3078,G3099,G8183,G8101,G7963,59269,G8163,G2630,GW605,GH306,G2531,G8164,G3042,GW607,GW613,G8113,G8161,G3043,GW615,G3024,GW102,G8127,G7769,G3045,G8150,G8158,G3022,G3094,GW606,G8119,G8124,G3075,GW619,G3093,GK614,G8105,G3074,G2641,GW103,GW108,GW618,G3077,G7765,G8125,GH301,G8151,G8135,G7758,G8170,GK602,G2536,GW105,G3070,G8176,G7960,GW110,G8122"
111.40,23.60,0.59,0.54,83,"GH301,G8127,G8125,G8124,G8119,G8122,G2632,G8113,G2630,G8112,G8102,59264,GH303,GH306,G8107,G8115,GW403,G8126,G8128,G8114,G8130,G8101,G8141,G2631,G8137,G8131,G8117,G8140,G8135,G8139,G2633,G8136,GW402,GH300,G8105,G3036,G8129,59268,GW401,G9460,G8118,G8103,G8133,G8123,G9461,GW404,G3080,G8106,GH305,G2635,GH302,G3085,G8173,GW406,G2641,G8138,G9463,G8116,G8183,G3030,GW413,GH304,G8174,G9467,G8151,G8104,G8109,G3038,G2634,GW405,G8152,G8034,G3035,G8163,GW415,G8150,G8134,G3033,G8168,G3037,G8035,G8170,G2636"
112.00,21.80,0.58,0.54,155,"GQ055,G2325,59663,G2305,G7319,G7320,GQ020,G2307,G7312,G2326,G2338,G7321,GQ002,GQ052,GQ018,GQ009,GQ004,GQ010,GQ003,G2328,G2309,G2318,G2310,GQ008,GQ001,G2308,G7328,G7316,G7311,G2322,GQ051,G2314,G7317,G2311,G2320,GQ023,G7190,GQ039,G2330,G2319,G2317,GQ007,GQ013,GQ040,G7331,G2360,G2359,GQ011,GQ006,G2323,G2321,G2334,GQ005,G2304,GQ021,GQ019,GQ050,GQ014,G6652,G2327,GQ012,G2367,GQ046,G2306,G2167,G2343,GJ206,GJ200,G6655,G6527,GQ038,GQ047,G2161,G2185,GQ036,G2331,G6659,G6648,G6611,G2368,GJ201,G6658,G2160,GQ058,GJ202,G2333,GQ054,G7141,G6643,G6592,59469,G6645,G6646,G7142,G2105,GQ028,G7353,GQ022,G6705,G6701,GQ017,G7336,G7335,GQ015,G2366,G6653,G2337,GQ053,G6528,GQ059,G6649,G2351,G2352,GQ027,G7131,59669,G6745,G7351,G2156,G6519,GQ029,GQ041,G7315,G7314,G6642,G6640,GQ045,GQ026,G6512,G7332,G7334,G7333,G6522,G6513,G7133,G2180,GQ035,GQ037,59477,G6564,G7144,G6651,G2347,G6514,G7350,G7349,G6535,G2346,G6647,G7132,G2336,G2370,GQ060,G2157,G7352"
112.00,22.40,0.58,0.54,256,"G2365,G7143,G2342,GW205,GQ056,G3014,G6651,G2353,G3017,G3061,G3018,G2355,GQ034,G2347,G9263,G2354,GW202,G6516,GW211,G6650,G3064,G3013,GW210,GW207,GW215,G6640,G2372,G6699,G2345,G2168,GW213,GQ042,G7142,G9261,GW106,G6645,GQ031,G3067,GQ033,G2362,G2344,59477,G6658,G6564,GJ201,GW203,G2163,GQ017,GQ048,G6621,GW104,G9260,G6531,G3023,G6642,G3063,G3060,G9360,GQ037,GQ032,G6514,GQ041,G7353,G2161,GW105,G7141,GJ504,G7351,G3016,G9363,GW618,GW218,GW217,G6641,G6659,G6747,G2164,GW204,GW107,GJ200,59469,GJ206,GW206,G3071,GQ005,G3015,GW619,G2323,G9264,G3062,G6515,G2175,GQ006,G7756,G3028,G6649,G9265,G3093,G9267,G6519,G6647,GQ007,G3045,G2109,G6648,G2367,G9221,G3077,G3070,G6745,G6510,G3010,GW606,G2319,G2162,G9362,G9268,GQ035,G9262,G6644,GQ045,G2165,GQ039,GJ506,G2348,G2351,G3068,GW613,G3022,G2167,G2502,G6657,G2327,G3042,GQ050,G3099,GW216,G2166,G6643,GJ203,G6652,59470,GQ058,GQ060,G6656,G2306,G3069,GW103,G6512,GJ204,G3041,G2107,GJ205,GQ059,G3065,G3027,GW620,G3003,G3076,G6513,GQ011,GW102,G7352,G3025,G6511,G7144,GQ019,G3012,G6625,G2322,G3020,G6637,GW612,G3090,G6655,GW208,G3026,G3066,G3051,GW101,G7963,G3096,GW212,G2160,G6622,G6626,G6535,G2363,GW100,G6504,G2318,GW616,GQ040,G6620,G2328,G2156,G2317,59462,G3011,GQ046,GQ036,G3075,GQ043,GQ044,GW209,G7035,GW214,GQ038,GW409,G9361,G3040,G7056,GW200,G9207,G7766,G6653,G2170,GW605,GW201,G6539,GW600,G2174,G6506,G2172,GW108,GW614,G2173,G3004,G2352,G6646,G2214,GW002,GW602,G3054,G3057,GE305,GQ052,GW601,GQ051,GW607,G2326,G9203,G7312,GW408,GQ020,G3098,G6538,G2343,GK613,G2176,G3083,G6624,G3086,G6623,G3043,G2535"
112.00,23.00,0.59,0.54,291,"G3073,G9206,G9204,G9200,G3021,G9203,G3072,GW003,GW001,G3004,G9207,GW110,59471,GW004,GW108,G9201,GW002,G3024,GW109,G8165,G2645,G3074,G3007,G3020,G8153,G3088,G3003,G9209,G3025,G8169,G3005,G3002,G8164,GW408,G3032,G8161,G3027,59269,GW103,GW410,G8181,G3006,GW102,G8182,G8166,G3084,G9221,G8282,G8160,G2644,G9220,G3070,GW407,G3028,G8229,G8148,G3022,G3031,G8167,G3026,G3071,GW101,G8176,G8149,G2640,G2646,G8236,GW414,G8162,G8180,G8158,G2642,G3001,GW107,GW613,G3086,G8171,GW204,G3012,59470,G8251,G8271,G8163,GW100,G8150,G3087,GW217,G3016,G2668,GW409,GW214,G2661,G8168,GW206,G8155,G8170,G8284,G8249,G9362,G8275,G3099,GW104,GW612,G3068,GW412,G3093,G3041,G8175,G8235,GW105,G3023,G8152,G3010,GW415,G8172,GW411,G8174,G8156,G8154,GW614,G8179,GW203,G9262,G8241,G3066,G8280,G8252,G8183,G8151,G8178,G2686,G9265,G3096,G3082,GW618,G3033,G8157,G3083,G8254,G9361,G2696,GW600,G8256,G8230,GW216,G2672,G2663,G8228,G8232,G8260,G9264,G8270,G3089,G2666,GW218,G8276,GW212,G2699,G2667,G2641,G9260,G2643,G3064,G3076,G3098,GW106,G8239,G3062,G8268,G3069,G2671,G8224,G8267,G2679,G8262,GW209,G2662,GW413,GW215,G3034,59278,G8159,G3063,G8246,G9263,GQ033,G8285,G3038,G3067,G8247,G9467,GH302,GW619,G3053,G2676,G2214,G2689,GQ042,G8225,G3040,G8255,G3091,G2660,G2605,G3059,G3037,G2695,G8134,G2345,G3015,G9242,G9268,G3045,59462,G8173,G7056,G8278,G8227,G2670,GQ034,G8103,G2634,G8243,G2698,G8105,G3065,G2697,G3081,G7031,G2355,G3014,G8136,GE305,G8177,G8261,G7028,G2693,G7035,G2694,G9360,G8240,GW213,G9461,59268,G8257,GW208,G8238,GW601,G8273,GE304,GW620,G3018,G3080,G9460,G8226,GW602,G7034,GW406,G2684,G9363,G2691,G3030,G3060,G8135,G8101,GW211,G8283,G7054,G6637,GW200,G8114,G7050,G8272,G3052,G2372,GW205,G8248,G8274,G8081,G9267,G3017,GW401,G3090,G8137,GW606,G2673,G3054,G3042,G8126,G3061,G8242"
112.00,23.60,0.59,0.54,189,"G8035,G8024,G2613,G8109,G8034,G8116,G8006,G8060,G8134,G2611,G8159,G2634,G8106,G8056,G8133,G8177,G8123,G8118,G8157,GH305,GH304,G8138,G2643,G8081,G8129,G8054,G8178,G2635,G8104,GH300,G8130,G2633,G8016,G8117,G8139,G8179,G8140,G2626,G8128,G8001,G8175,G8156,G8051,G8080,G8107,G8020,G8002,G8141,G8131,G8023,G2636,G8171,G8225,G8151,G8135,G8132,G2641,G8170,G8154,G2642,G8071,GH303,G8005,G8105,G8149,G8036,G8155,G8059,G8019,G2646,G2622,G8102,G8176,G8004,G8022,G8247,G2662,G8074,G8025,G8276,G8150,G8261,G8172,G2644,59270,G8032,G8072,G8181,G2632,G8183,59271,G8158,G8180,G8015,G8283,G8065,G8066,G8243,G8076,G8163,G8038,G2604,G8055,G8082,GH306,G8085,G8101,G2623,G8227,G8122,G8136,G2612,G8268,G8052,G8039,G8037,G8070,G8114,G8272,G8075,G8018,G8153,G8161,G8073,G8255,G8228,G8062,G8125,G8167,G8174,G8164,G8014,G8166,G2605,G8162,59269,G8165,G8007,G8010,G8061,G8241,G8077,G8119,G8126,G8148,G8057,G3074,G8113,G8124,G8240,G2630,G8063,GH301,59264,G2661,G8083,G8008,G8282,G8152,G3032,G2640,G8160,G8067,G2616,G8137,G8189,G8009,GW110,G8033,G8103,G8112,G2653,G8168,G8100,G8058,G3072,G8053,G2660,G2645,GH302,G8079,G8182,G8195,G8196,GW109,G3021,G9220,G2614,G2684"
112.00,24.20,0.59,0.54,110,"G8027,G8400,G8003,G8026,G8009,G8008,G8028,GR003,G2730,G2614,G8018,G8413,G8039,G8037,G2612,G8029,G8404,G8038,G8406,G8010,G8015,G8402,G8032,G8004,G8407,G8431,G8435,G8418,G8012,G2740,G8021,G8011,G8132,G8002,59270,G8025,G8022,G2636,G2615,G8023,G8007,G8432,GR052,G8430,G8017,G8405,G8433,G8030,G8016,59074,G2616,G8425,G8014,G8424,G8031,GR054,G8104,G8520,G8420,G8421,GR055,G8401,GR047,G8020,G8036,GH304,G8001,G8517,G2611,G8409,G8427,G8033,G8138,G8519,G8408,G2741,GR048,G8006,G8005,G2635,G8013,GR002,G2742,G2706,G8034,G8521,G8061,G8513,GR009,G8525,G8019,GH305,G8429,G8506,G2763,G8070,G2760,G8416,G8415,G2733,59075,GR053,G2761,GR051,GR046,G8423,G8131,G8084,G2707,G8077"
112.00,24.80,0.60,0.54,88,"G2731,G8415,G8416,G8403,GR002,G8408,G8410,G8409,G8411,G8401,G2733,G8422,G2741,G8429,GR050,G8424,G8405,59074,G8428,G8453,G8464,59071,GR046,GR017,G8426,GR016,G8462,GR014,GR013,GR053,G8338,G2752,G8423,G8420,G2756,GR049,G8467,G8430,G8449,G8407,G8463,59072,G8418,G8446,GR018,G2757,G2742,GR015,GR051,G8443,G8431,G8460,GR019,G8425,G8440,G8402,GR047,G2758,G8465,GR048,GR020,G8427,G8451,G2750,G8450,G8404,G8468,G2764,G8432,G8442,GR055,G8435,G8456,G8433,GR023,G8421,G8452,G8521,GR052,GR005,G8458,G2740,GR021,G8469,G8447,G8516,G2730,G8454"
112.60,21.80,0.58,0.54,114,"G2157,G6522,G2122,G6591,G6520,G2154,G2180,G2105,G6701,G6705,59673,G6592,G6526,G6590,G6611,G2153,G6709,G6527,G6618,59672,G2185,G6710,G6503,G2188,GJ202,GQ012,G2108,G6521,G6528,GJ505,G2106,G6523,G6773,G6612,G6646,G2321,G6613,G6529,G6608,G6653,G6708,G6704,G2359,G2182,G2360,G2156,G6505,G2160,G2320,G6707,G6703,G2186,G2187,G6655,G2174,G6535,G7311,G2184,G2152,G6603,G6513,GQ051,G6643,G6607,GQ019,G6512,G2158,G6624,G2167,G6652,GQ010,G2327,G6525,G2181,G6771,G6615,GQ009,G6745,G6772,G2151,G6774,G6648,G2338,G6539,G6649,G6519,G6605,G7321,59478,G2170,G6657,G2322,G6770,G6538,G6606,G2162,G6647,GJ203,GJ206,G6659,G6524,GJ200,G2318,G2325,G2173,G2161,G6515,G6533,G2191,G6510,G2176,G2166,G6514,G2150"
112.60,22.40,0.58,0.54,332,"G6532,G6537,G6502,59475,G2178,G2177,G6530,G2176,GJ501,G2172,G6533,G6509,G6626,G2173,GJ500,G6534,G6623,G6536,G6538,GJ507,G6504,GJ205,G6524,G2171,G2170,GJ503,GJ204,G6511,G6656,G6620,GJ502,G6539,G6609,G2151,G2183,G6508,G6507,G6501,G2165,G6606,G2166,G6506,G6624,G6610,G2147,G6644,G6638,G6625,G6660,G2109,G2104,G6557,G2155,G2118,GJ203,G2107,G6622,G2110,G6510,59478,G6721,G6641,G6657,G3011,G6604,G6697,G2140,GW201,G2162,G2136,G2164,G6505,GJ506,G2175,G6774,G2174,G2146,G7021,G2184,GJ504,G6525,G2114,G6553,G6515,G6531,G6747,G2145,G6556,G6621,G2150,G6647,G9267,G6535,G6637,G2117,G2103,G6552,G6523,G6513,G2143,GW200,G6512,G2152,GE303,GW208,G6514,G7030,G2163,G9363,GJ505,G7040,G7044,G2135,G6558,G3065,G3060,G6724,G2137,G7035,G6605,G2108,GE302,G2138,G2141,G9268,G6699,G9261,G2168,G6603,G9360,GW207,G2212,G6519,GE305,G3015,G6564,59477,G7056,G2156,G6642,G6650,G2130,G2188,G6745,G7054,G7025,GE306,G7029,G2106,G7031,G2192,G7045,G7028,G6612,GW210,GE307,G7038,G3069,G3013,G6649,G2214,G6720,GE304,GW209,GJ105,G6554,GW202,G3062,G2115,G7055,G7026,G7022,G6543,G6516,GW213,GE322,GJ104,GE301,GJ102,G6773,G6546,GW212,G3063,G2190,GJ101,G6653,G7034,G6540,GJ103,G2195,GJ108,G7050,G6500,GW216,GJ107,G6643,59476,G6560,GW218,G6640,G7043,G9264,G2194,GJ100,G2197,G2125,G6528,G2134,G7049,G7039,G3067,GW211,G9361,G2132,G6550,G2160,G6646,G8262,G9260,G3061,G6555,G2215,G9265,G8242,G2181,G2142,G6770,G3017,G6722,G9262,G6613,G8273,G3066,G2207,G6648,G2180,G2191,G6551,G2182,G6615,G2101,GE320,G6593,G6542,GE325,G2144,G6520,G6607,G2127,G6772,GE319,G2133,G6655,G3010,G6659,G2167,G7032,G7027,G6651,G2120,G2153,G6702,G6706,G2129,G6521,G6698,GW215,G3018,GJ106,G6562,G6771,G3068,59473,G2161,G6517,G2116,GJ202,GJ206,G9362,GE323,G2198,GJ200,G8259,GE324,G6541,G2663,G6559,G2126,G6544,G2193,G7024,G2327,G6652,GW214,G6645,GJ201,G6658,GE309,GE310,G2111,59470,G6529,G3012,G1268,G7033,G2128,G2131,G2112,G6518,GE321,GW206,G6661,G7019,G6700,G8230,G8279,G8248,GE101,G1257,GW205,G2113,G8258,G2196,GQ019,GW217,GW203,GE311,G3016,G3954,G1202,G6823,G8233"
112.60,23.00,0.59,0.54,565,"G8234,G2664,G8274,G8244,G8277,G8238,G8233,G8226,G8250,G8265,G8258,G8248,G8253,G8279,G8263,G8278,G8257,G7023,G8245,G2670,G8259,G8285,G2693,59278,G2689,G8267,G2698,G8224,G8246,G2679,G2676,G8264,GE323,G8281,G7020,G2667,GE319,GE318,G2666,GE321,G8270,G2695,G2671,G2699,G8232,GE313,G2694,G8242,G2681,G2207,G7039,G7019,G2607,G8260,GE320,G2673,G8256,G2672,G7032,G8273,G2697,G7049,G2665,G2696,GE325,G2205,G8231,GE301,G8252,G7042,G2680,G2683,G2682,GE322,G8230,G7050,G8269,G2688,G7024,G2686,G7046,G7053,G7027,G2674,GE307,GE324,G7034,G2211,GE314,GE310,G7037,G8235,G2663,G7055,G2690,G8254,GE317,G7029,GE311,G7045,G2687,GE309,G7026,G8249,G8239,GE306,G2228,G8251,G6962,GE308,GE312,G2668,G8262,G2691,G6964,G2606,GE304,G6963,G8284,G2215,G7022,GE315,G7033,G7048,GE302,G7054,G6825,G6956,G6958,G7043,G8275,G7009,G7041,G7044,G2675,G2217,G6822,GE303,G7028,G7030,G8280,GE101,G8236,GE316,G2654,G6823,G2255,G2692,G7025,G7031,G7017,G8216,G2258,G8271,G2254,G7038,G6955,G8220,G6957,G2684,G6827,G2660,G7068,G8229,G6828,G6961,G2214,G7018,G7015,G7036,G6865,G7040,GE305,G6959,G3001,G6965,G8194,G6824,G2659,G7016,G8193,G6960,G9361,G7006,59279,G2212,G7056,G6820,G7069,G2271,G8219,GW209,G2287,G8287,G2651,G2285,G8197,G6929,G6966,G8223,G2661,G2658,G8241,G7014,G7035,G8240,G6818,G6868,GW214,GW200,G6842,G7021,G9220,G2115,59276,G6826,G8206,G6808,G2145,G2114,G7013,G6550,G2273,G8221,GW212,G6930,G8222,G6850,G2140,G6821,G7058,G6953,G3006,G6845,G2605,G7061,G2655,G2677,G2289,G2602,G8228,G2264,G2656,G8192,G2291,G3066,G6954,GE017,G2144,G2113,G7065,G6849,G8255,G8203,G3200,G6933,G6866,G8204,G8182,G6864,G2225,G3002,G7011,G7001,G6802,GW208,GE018,GE027,G8282,G7062,G6952,G3005,GW201,G2286,G2288,G6819,G6811,G6843,G8211,G6839,G6838,G2263,G6861,G9209,GE026,G8268,G6637,G6851,G6844,G6812,G8169,G8195,G6551,G6809,G2297,G6832,G2265,G8167,G2267,G3012,G2142,G3069,59288,G3065,G8227,G2290,G6951,G3011,G6863,GE020,G6934,G3007,G6801,G2202,G2257,GE005,GW216,G8272,G6559,G6810,G2226,G6931,GE028,G2601,G6862,G6867,GE006,G2270,G8217,G8166,G8198,G6661,GE210,G2117,G2146,GE007,G8196,GE008,G8208,G6950,G6945,G8243,G6907,G7064,GE025,G6840,GE019,GE009,G3068,G6622,59470,G6803,G6807,G6938,G9262,G8209,G2296,G6562,G6856,G2118,G7012,59473,G9268,G2221,G2204,G6506,GE218,GE010,G6833,GE240,G8276,G6814,G8189,G7002,G2218,G2148,G2280,G6553,G7057,G8283,GE014,G9362,GE011,G6906,GE024,G8172,G2645,G6948,G2653,G6935,G6508,G6507,G6638,G9201,G2210,G3010,GE012,G8261,GE209,G7059,GE023,GE022,G2662,GW109,GE013,GW004,G7003,G8247,G7067,G6804,GE219,G6949,G7005,G6800,G6944,GE015,GE208,G2116,GE220,G2216,G2241,G6813,G2298,G9265,GE001,G8180,G2234,G2276,GE029,G2201,GW001,G6909,G2261,G8063,G2292,G2279,G6908,G2107,G6946,GE212,G3062,G6552,G2223,G6925,GJ506,G7060,G6853,G7063,GE016,GE002,GE030,GE032,GE031,G9264,G8212,G6625,G2294,GW003,G6835,59471,GE004,G2208,GW002,G3027,GE021,G2220,G3015,G6947,GJ503,G6806,GE217,G2143,G7066,G6805,G6620,G3254,G2295,G2268,G6697,GE003,GE235,G2104,G6841,GW218,G6936,G9267,G8155,GJ507,G6855,G6847,G2147,G6860,G2259,G2256,G8154,G6623,G8055,GE236,G6917,G2260,G2652,G3452,G8191,G8225,G2222,G8289,G7010,G2227,G2126,G6834,G6543,GW206,G6905,G9363,G8199,GE204,GE227,G2233,G2644,G2622,G3253,G6937,G6836,G9200,G2235,G2251,G2248,G3025,G2238,G6830,G3004,G2299,GE234,G6919,G2293,G8214,G2141,G2253,G6504,G9360,G3119,GJ502,G8052,G2171,G6829,G9204,G7004,G2272,GE205,G9573,GW217,G2172,G3063,GE214,G2175,G6660,G3256,G3016,G2274,G9203,G6942,G3252,G3060,G9206,G6943"
112.60,23.60,0.59,0.54,300,"G8053,G8215,G8214,G8057,G8062,G8067,G8289,G8202,G2652,G8191,G8200,G8190,G2625,G8213,G8201,G8212,G8082,G8063,G8083,G8066,G8052,G8205,G8065,G8199,GR066,59271,G2653,G8085,G2604,G8058,G8209,G8189,G8208,G2720,G8217,G8196,G8055,G8059,G8195,G8207,G8198,G8203,G6941,G8075,G8069,G8192,G6939,G8204,G8211,G2224,G2623,G2656,59276,G8322,G8074,G8076,G8071,G2726,G6967,G8321,G2622,G8206,GR067,G2220,G8078,GR065,G2651,G8073,G8335,GR070,G8072,G8079,G2655,G6945,G2658,G2626,G8080,G8077,G8051,G2299,G8197,G2624,G8100,G8070,G8272,G2659,G8221,G8223,G8283,G6942,G7008,GR071,G8222,G8019,G8320,G8061,GR032,G2601,G8064,G2692,G8194,G6937,G2227,G8331,G8261,G8313,G8193,G8084,G2703,G8243,G6944,G8054,G8240,G2675,G8005,G8227,G2722,G8219,G8334,G8287,G7000,G2684,G8216,G2606,G6946,G2602,G7004,G8255,G2605,G7003,GR069,G8247,G6938,G8328,G8323,G2210,G2654,G8081,G3409,G2677,G6943,G8225,G8033,G2662,G6951,G2691,G2660,G7010,G8268,G8036,G2674,G2687,GR033,G6947,G6948,G2701,G8060,GR064,G8056,G2291,G6936,G2680,G8276,G8013,G8333,G7011,G2298,G2290,G8020,G8301,G8220,G3126,GR009,G3119,G8001,G8228,G2296,G8177,G8304,G8300,G8302,G8327,G8014,G2682,G6956,G8326,G2688,G2287,G6934,G2673,G6935,G2681,G2286,G2690,G3420,G2607,G2297,G6953,G3252,G6949,G2294,G6955,G2616,G6965,G3253,G8239,G2723,G8437,G2697,G2683,G2288,59280,G8241,G8330,G2218,G7017,G6966,G8332,G8172,G2293,G1073,G6933,G6952,G2694,G7012,G6954,G8154,59279,G8329,G7009,G2285,G8007,G2613,G2643,G2217,G8280,G7015,G1026,G2292,G7016,G2289,G2695,G2706,G8306,G8312,G8303,G8006,G2707,G8254,G2724,G6962,G2760,G8022,G2725,G7005,G7001,G8324,G6959,59270,G2216,G2661,G8307,G6961,G6950,G3411,G6843,G8025,G2705,G3452,G9484,G8156,G8155,G2698,G7013,G3256,G7006,G7018,G8016,G8031,G2715,G2693,G6960,G2295,G8179,G6850,G2676,G7014,G6957,G7002,G3259,G6840,G1025,G6862,G8023,G8269,G2671,G8263,G8281,G8257,G2716"
112.60,24.20,0.59,0.54,173,"G8525,G8506,GR059,G8512,59075,G2707,G8519,G2760,G2761,G2706,GR063,G2725,G8520,G8509,G8330,G8336,G8517,G8325,G8030,G8017,G8031,G8333,GR068,G8554,GR009,G8529,G8518,G8013,G8324,GR044,G8528,GR054,G8514,G8012,GR057,G2615,GR058,G2763,G2774,G8419,G2721,G8011,G8064,G8513,G8021,G8337,G8543,G2708,G8084,G8507,G8526,G2616,G8033,GR052,G2624,G8332,G8555,G8421,G2740,GR056,G8521,G2722,G2770,G8433,G8078,G8014,G8100,G8079,G8007,G8523,GR055,G2724,G8069,GR008,G8061,G8029,G8564,G8406,GR005,G8432,G8077,G2766,GR007,G2726,G8566,GR043,G8435,G8427,G8413,G8316,G8317,G8326,G8323,GR071,G2764,GR064,GR048,G2614,GR003,G8073,GR047,G8070,G8524,G8516,GR035,G2762,G8028,G8565,GR004,G2765,G8425,G8010,G2730,G8058,G8075,GR006,GR065,G2623,G8331,G8542,59270,G8511,GR073,G8541,G8076,G2772,G8510,G8083,G8072,G8003,G8025,G8036,G2723,G2742,G8328,G2625,G8022,G8556,GR051,G8329,G8469,G2771,G8515,GR019,G8019,GR012,G8005,G8430,G8404,G8508,G8431,G8074,G8335,G8420,GR034,G8402,G8452,G8400,G8537,G8020,G8067,G2757,G8465,G8037,GF701,G8540,G8009,G8032,GR069,GR049,G8418,G8018,GF706"
112.60,24.80,0.60,0.54,158,"G8447,G2753,G8457,GR021,GR010,G8442,G8452,G8469,GR020,G8508,GR011,G8511,G8468,GR012,G8448,G8465,G8445,GR022,G2762,G8458,G8460,G8516,G8515,G2767,GR004,G2751,G8446,G2765,59072,GR018,GR006,GR007,G8443,G8500,G8467,G8441,GR008,G2757,G8317,G8316,G8523,GR019,G8501,GR005,GR013,G8444,G8454,G2764,GR014,G8338,G8455,G8462,G2750,G8464,GR051,GR049,G8426,59071,G2752,G8428,G8423,G2708,G8526,G8337,GR053,GR050,G8502,G2742,G8419,G8521,GR048,G8503,GR046,G8449,G8510,GR058,GR016,G8422,G8427,G8504,G8513,G2763,G8507,G2766,GF705,GR023,G8514,GF706,G4545,G8505,GR057,G8429,GR047,G8411,G8450,GR015,GR055,G2733,GR056,G8524,G4542,G2756,G8463,G8421,GR017,G4543,G4540,G8410,G8528,G8518,G8420,G4555,G2741,G8425,G8453,G8456,G8529,G8564,G8403,G4544,G8433,G4538,G8509,G2731,GF701,G8430,G8432,GR054,G8440,G8336,GF700,GR052,G8424,G2761,G4567,G1464,G4556,GF209,G8416,G8517,G8415,59075,GF099,G2758,G8409,G8554,G4566,G8542,G1462,59074,G8451,G4549,G8435,G4536,G4547,G1414,G2740,GR059"
113.20,21.80,0.58,0.54,145,"G1214,59682,G1286,G1203,G1235,G1234,G3985,G3984,G3999,G6703,G6707,G1207,G2186,G2187,G1274,G2158,G1293,G3983,G3982,G6704,G6708,G6608,G1208,G1273,G1241,G1222,G1205,G3990,G1225,G1218,G3951,G1297,G1269,G6529,G6771,G3968,G3993,G6607,G1299,G6772,G1254,G6615,G3962,G2111,G1210,G1278,G3986,G3966,G1298,G2181,G1202,G6709,G2182,G3950,59672,G6618,G6770,G1289,G6590,G1220,G6521,G1224,G6613,G1256,G3958,G2191,59673,G1290,G1258,G1268,G1260,G1292,GJ106,G2193,G3957,G1250,G1232,G1295,G1217,G3987,G3954,G6698,G3963,G1252,G1240,G3980,59487,G1238,G6773,G3960,G2153,G3967,G1280,G1206,G6702,G6706,G1253,G2037,G6503,G6710,G6603,G3964,G1226,G3994,G1230,G3953,G3952,G6612,G1259,G2122,G2120,G1255,G3965,G6605,G2190,G2031,G3956,G2106,G2152,G2134,G3989,GJ100,G2084,G1221,G3955,G6591,G2112,G3995,G1251,G2085,G2070,G1261,G6722,GJ108,GJ101,G3996,G2036,G1265,G3969,G1212,G3961,G2017,G1276,G2003,GJ102"
113.20,22.40,0.58,0.54,534,"G6723,G1257,G1263,G6549,G6518,G3988,G1264,G3959,G6517,G2046,G2131,G1262,G2198,G2060,G1265,G2102,G6207,G3969,G1251,G3955,G2133,G3961,G2019,G6548,G2112,G2039,G2088,G6593,G2018,G2132,G3965,G1261,G1255,G2196,G2058,G6201,G2087,G2076,G2057,G3989,G3956,G1253,G2002,G2063,G2020,G6722,G6546,G2067,G2194,G2017,G6500,G6214,G3964,G2070,G2075,GJ107,G3952,G3967,G2029,GJ104,GJ103,GJ105,G2120,G6217,G2123,G6208,G2024,G6720,G2197,G6554,G6212,G2127,G6203,G3957,G3954,GJ102,G3963,GJ108,G1259,GJ101,G6204,G2054,G2134,G2007,G2047,G2035,G2130,GJ100,G2030,G2064,59485,G2004,G6706,G6702,G2031,59487,G1260,G6555,G1290,G6542,G1250,59476,G6560,G2065,G6205,G3953,G2068,G2036,G2101,G6213,G2193,G6215,G2192,G2010,G2009,G6698,G6724,G3958,G2077,G2021,G3960,G2138,G2059,G1268,G2025,G6558,G2190,G2081,G2078,G2062,G2084,GJ106,G2137,G2080,G2083,G3950,G6544,G3987,G3986,G2026,G1278,G1258,G2011,G2027,G2055,G1202,G1254,G2124,G1289,G6211,G2128,G3962,G3966,G2050,G2034,G2195,G2016,G1252,G3993,G2079,G2038,G3968,G2129,G2103,G2085,G2086,G2053,G6216,G2082,G2001,G2037,G2135,G6540,G2003,G2125,G2042,G1206,G2111,G1240,G2051,G1256,G6700,G1237,G2096,G6541,G3951,G2069,G2094,G1269,G1298,G1220,G1238,G2061,G2044,GE232,G1283,G2191,G2028,G6218,G1210,G2015,G2141,G6543,G2008,G3980,G2071,GE231,G2012,G1223,G1297,G6556,G6209,G6200,G1295,G6604,G2005,G2150,G1244,G1232,G2033,G6911,G2126,G2090,G2092,G1241,G3991,G2032,G2110,G1271,G6202,G6721,G6910,G2013,G2099,G1299,G2237,G2136,G6770,G1272,G2089,G1204,G1285,G2014,G1225,G2006,G1270,G2091,G2023,G2043,G2022,G1233,G1208,G3990,G2155,GE233,GE228,G2143,G1230,G2040,G6605,G2236,G3995,G4005,G1218,G1221,G1274,G1212,G3983,G3982,G1282,59488,G2052,G3994,G6552,G3996,G2116,G1243,GE225,G1293,G2074,G1236,G6557,G1215,G2045,G2066,G1273,G2246,G3997,GE229,G3998,G1207,G6772,G1217,G1226,G6610,GE215,GE226,GE227,G1228,G6615,G2181,G6913,G1227,G2243,GE230,G2093,G2056,G2049,G3992,G6697,G1229,G6771,GE223,G1224,G1209,G2072,G6210,G2235,G3999,G2041,G6920,59473,G6901,G6562,G6660,G1276,G2048,G1211,G3985,G3984,G6501,G3142,G1294,G2183,G1090,G6904,G3970,G1222,G1234,G6609,G1235,G1280,G2073,G3981,G6774,GE222,GE224,GE237,G6607,59478,G3971,G3206,G6553,G3972,G1205,GE211,G1078,G3209,G2148,G2242,G2104,G3111,GE221,G2142,G3205,G6919,G6525,G9552,G2117,G2266,G6559,G2231,G6551,59480,G6661,G6603,G2241,G3211,G6926,G2147,G9718,G3110,G3973,G1292,G1055,G3207,GJ502,G2239,G6912,G7057,G6927,G9574,G9523,G6900,G2152,G9524,G6856,GA005,G9521,G1203,G9517,GE208,G1016,G3239,GE201,G2146,G1017,G2230,G1049,G6606,G2171,G2257,G2158,G3137,GE236,G9818,G6534,G2144,G6924,GE238,G3204,G1286,G3202,GE209,GE214,GE212,G1214,59682,G9546,G3974,G9551,G6902,G9522,G6905,G2118,G2208,G6550,G2115,G6903,G2265,GJ500,G6907,G6536,G6861,G9819,G6509,G6906,G6638,G6524,G3112,GE234,G1089,G9545,GE216,G1048,G6530,G3975,G3132,G2113,GE239,G2232,G9543,G2244,G3134,G3121,G9535,GJ501,GE210,G3976,GE235,GE205,G2184,GJ503,G2182,G3117,G1091,G9549,G9748,G6219,G9544,G2212,G6917,59475,G3213,G3131,G1056,G6908,G3308,G6819,G1069,G3208,G1086,G2177,G9749,G6613,G3212,G9519,G9746,G6818,G9534,GJ507,G6931,G3977,G6925,G3978,G6773,G2151,G2145,G6507,G6508,GA006,G3120,G6930,GA038,G2187,G6863,G2238,G2245,G6612,G1072,G7038,G9520,G6529,G3201,G3203,G6864,G9547,G6915,G9518,GE218,GE217,G3210,G6533,G7040"
113.20,23.00,0.59,0.54,1066,"GE206,G6918,G6848,G2253,G2274,G6817,GE207,G6923,G2252,G2233,G2222,G2219,GE213,G2240,G1070,G9807,GE202,GE204,G6816,G2209,G1088,G6855,GE003,G9793,G9710,G2260,G6806,G3107,G6915,G2256,G3156,GE016,G2259,GE031,GE030,GE032,G6916,G9573,G6805,G6847,GE004,GE002,G9792,G3145,G2201,G9806,G3249,G3237,GE021,GE029,G2238,GE001,G2234,G2272,G2245,G9805,GE015,G6909,G2223,G6860,G9804,G9791,GE203,GE013,G2281,G6804,G9498,GE217,G1047,GE012,G3451,G9803,G6800,GE220,GE014,GE011,G3108,G6835,GE023,G6813,G3444,GE024,GE205,G6814,G9575,G2244,G1000,G6917,G9802,G3450,G9477,G2204,G9726,GE219,GE022,G9474,G6836,G3447,G6925,G3324,G6807,G9472,G9794,G3157,G9473,G3225,GE240,G9801,G9800,G9797,G2221,G9576,GE010,G6803,GE239,GE019,G3138,G9475,G6837,G1033,GE025,G1092,G3347,GE009,G9471,G9539,GE234,G9799,G6903,G3129,GE235,G1097,G3410,G3117,G9476,G6908,G6852,G6902,G9470,GE216,GE008,G3236,G9501,G1093,G1045,G3223,G9798,G9788,G3402,G9796,GE006,G9708,G3449,G6810,G2232,GE007,G3218,GE214,G9500,G3435,G3101,G1044,GE218,G6834,G6801,G9824,GE005,G6905,G2202,G9508,G3339,G9795,G9588,G2261,G1039,G3310,G9825,G9746,G1037,GE028,GE020,G2270,G3224,G9515,GE201,G3134,59481,G3222,G3345,G9478,G3220,GE238,G9706,G3443,G6853,G2230,G6809,G3316,G9996,G6833,G1053,G3314,GE026,G2226,G9505,G3344,G6812,G1094,G9771,G1069,G9587,G6851,G1087,G1015,G9499,GE236,G2208,G3309,G2239,G9722,G9506,G1071,G6900,G3128,G6924,G6858,59480,G1001,GE018,G3219,GE027,GE212,G3241,G1009,G9834,G3242,G3330,G6802,G6811,G3155,G3362,G9590,G2225,G9504,G9778,G2267,G6844,G2280,G3102,G9772,G3200,G9541,GE211,G6841,G9491,G2263,G6906,G6931,G6857,G6867,G6863,G9720,G9725,G3221,G9745,GE017,G6926,GE237,G6849,G6919,GE221,G3130,G6927,G6904,G9782,G1051,G9507,G9510,G2206,G3125,G9815,GE209,G9709,G3442,G9770,GE210,G3141,G9777,G6821,G2264,G7060,G9779,G9489,G9544,G9518,G9543,G9723,G6808,G1049,G9523,G9747,G3448,GE208,G2242,G1099,G9829,GE222,G1046,G6826,G9487,G1030,G6830,G3302,G6907,G6920,G6901,G7059,GE223,G7058,G6929,G9570,G9548,G9547,G9721,G9742,G9577,GE230,G6838,G2247,G3190,G6866,G6864,G1034,G2276,G9773,G6868,G9714,G2266,G3112,G2241,G6819,59288,G7066,GE215,G3403,G2246,G1095,G2248,GA006,GE226,G2231,G2235,G6831,G3454,G7057,G0903,G3136,G6845,G0902,G9835,GE229,GE224,G9724,G2273,G1018,G3238,G1054,G2279,G3407,G6820,G2271,G6912,G1036,G9527,G3135,G7064,G6856,G3137,GE225,G9789,G7062,G7069,G9589,G9554,G3131,G6832,G6913,G3140,G1032,G2236,G2251,G2265,G6827,GE227,G7061,G7068,G2249,G9813,GE228,G6861,G6930,G9526,G3404,G2268,G3114,G1003,G9502,G3228,G3311,G9582,G3139,G9545,G9828,G7065,G7067,G2255,G6865,G9844,G2254,G6839,G1019,G9567,G2243,G2148,G1077,G2282,G3346,G3113,G9517,G7063,G2257,G2275,G1014,G9713,G3111,G1010,G1086,G2237,G6824,GE233,G9563,G3235,G6911,G6202,G2040,G2033,G2056,G2258,G9524,G3244,G9525,G3312,G9842,G6862,G3133,G1016,G6818,G6842,G6840,G6859,G3232,G7002,G9845,G2013,G3254,G2113,GA003,G6829,G6661,G6910,G3158,G9841,G1031,G3405,G3110,G9580,G1011,G6822,G2012,G9509,GE231,G6828,G9712,G6850,G7036,G9597,G3446,G3132,G7014,G9565,G9488,G9559,G9546,G3161,GE232,G6843,G6950,G1008,GE316,G6964,G9837,G2250,G3227,G2295,G6825,G6003,G2014,G3203,G2228,G7001,G3327,G7013,G9528,G2072,G6209,G7048,G7005,G6960,G2216,G6559,G2069,G6129,G6963,G1919,G9579,G7006,G6823,G6957,G3115,G9838,G3255,G6087,G3438,GE308,G2289,G1006,G6075,G1079,G3142,G9775,G7018,G3329,G3452,G7041,G7037,G9566,59473,G2292,G6126,G1002,GE101,G9711,G6562,G6216,G6959,G6127,59287,G3231,G2041,G2116,G9514,G6958,G1043,G6961,G1056,G9839,G9564,G9513,G9586,GE315,GE317,G9846,G9780,G7016,G3256,G2090,G7012,G3226,G2001,G2079,G2126,G9715,G9540,G6952,G1975,G6954,G2285,GA007,G9694,G3209,G3118,G6933,G7046,G2061,G3250,G3332,G9532,GE312,G5946,G3204,G6700,G1907,G7015,GE314,G9578,G3213,G3406,G3210,G7053,G9817,G9847,G9571,G9765,G1042,G9840,G2015,G3120,G6128,G5948,G1052,G2218,G5949,G2082,59279,G5947,G2144,G9819,G2288,G9572,G9848,G2093,G7033,G6002,G3412,G6551,G2055,G2205,GA038,G2032,G2124,G6153,GE311,G3240,G6966,G6151,G2211,G2142,G2297,G1926,G8231,G9591,G6541,G1089,GA014,G9482,G5966,G3104,G9717,G6949,G1947,GA004,G3233,G6953,G2217,G2286,G7042,G6934,G1055,G5967,G1929,G2022,G6019,G2294,G6962,G6935,G2078,G9833,G6008,G6072,G3164,GE309,G9774,G2293,G9814,G2128,G2034,G2011,G6550,G7009,G6965,G3234,G6152,G5951,G3159,G2021,G5950,G9695,G7017,G3162,G2044,G6018,G8269,G1904,G9707,GA018,G3206,G3325,G2296,G9533,GA008,G6000,G2287,GE310,G3253,G2665,G6955,G1048,G3230,G2129,G3308,GA005,G9822,G9483,G2059,G9697,G6544,G3146,G1029,G1062,G1026,G3401,G9550,G2290,G3201,G9551,G2048,G1945,GE324,G3207,G3252,GA009,G7011,G1967,GA024,G7024,G6031,GE313,G6007,G3260,G2064,G7020,G1956,G2298,G0816,GA015,G3416,G9781,G1982,G2291,G6205,G9485,G9823,G6948,G1983,G2092,G1970,G5969,59284,G9561,G2047,G3411,G2099,G1915,G6084,G3121,G1989,G1996,G2215,G2115,G7019,G6053,G6100,GA010,G9569,G3251,GA012,G6215,GE318,G1040,G9503,G6936,G9522,G6951,G3335,G8264,G2125,GA016,G7027,G6947,G9816,G3322,G8220,G1931,G6112,G3263,G2096,G6032,G6956,GA023,G1072,G3119,G9776,G2123,G6543,G3239,G3229,GA019,GA021,GA011,G6142,GA022,G8281,G9585,G9486,G2091,G7043,G6089,G6212,G2016,GA013,G3205,G2677,G6938,GE321,G2210,G6097,G6540,G9549,GA027,G9558,G6088,G3413,GA020,G2101,G9562,G6130,G3420,G6071,G1966,G7003,G8245,G3152,G9555,G2690,GA028,G2094,G7010,G1025,G1024,G6542,G1059,G6049,G3414,G6017,G3333,GA017,G0817,G5965,G9584,G9484,GE325,G2195,G2683,G1081,GA026,G2006,G6056,G6051,G9783,G9560,G9784,G5940,G2057,G1971,G2020,GA025,G2602,G7038,G6946,G3202,G1007,G7032,GS010,G2075,G1964,G3144,G1078,G7022,G6099,G6943,G6555,G6217,G9568,G1058,G8253,G2196,G6041,G9826,G2688,GS011,G1073,G1997,G3126,G2127,G2066,GS009,G2212,G7023,GS007,GS012,G1022,G6944,G3437,G2062,G9581,G3328,G3160,G2654,G5952,G1935,G6050,GE323,G6052,G1924,G8265,G7025,G9703,G1978,G9519,G1936,G7004,G2008,G9556,G8287,G9557,G2063,G6055,GE320,GS014,GS008,G1920,59476,G6560,G3409,G2049,G6132,G3440,G2601,G8219,G3259,G9832,G3257,G2141,G8263,G7026,G2007,59289,GS015,G6010,G2682,GS006,G6092,GS013,G1922,G2067,G6548,G1909,G1023,G6054,G2071,G2039,GS004,G6211,G9741,G5956,G6218,G3246,G1028,G8279,G7000,G2227,G3319,G5955,G6143,G3419,G5954,G9520,G5953,G8216,G9534,G2009,G2143,G2117,G2002,G2207,G1948,G7049,G6552,G1923,G7055,GS005,G3356,G8277,G3258,G3212,G8193,G6045,G3208,GR033,G3415,G6937,G9766,G1901,GS002,G1090,G2023,G6001,G2687,G6077,G8250,GS003,G2065,GE319,G1994,G2197,G9552,G1921,G2607,G2045,G8222,G8258,GS001,G2102,G1017,G2025,G7040,G6162,G6059,G1961,G2024,G1995,G9704,G3151,G8194,G2080,G9512,59485,G6044,G6163,G2087,G1963,G2135,G6945,G2019,G6942,G6120"
113.20,23.60,0.59,0.54,609,"G8311,G3417,G9768,G2716,G2705,G2715,G3109,G8303,G2704,G3415,G1027,G9701,G9769,GR031,G3352,G3259,G9832,G9767,G8312,G8300,G9766,G3419,G8306,G1081,G9703,GR030,G9737,G8304,G3262,59280,G1025,G8301,GR029,G9484,G1059,G1073,G9486,G2754,G8437,59284,G9485,G9736,G3251,G3258,G3260,G3414,G3416,G8302,G1024,G3411,GR062,G3123,G3257,G1021,G9483,G3418,GR033,G3426,G3354,G3325,G2702,G8308,G3159,G8313,G9758,G9754,G3420,G2703,G3126,G9833,G2701,GR077,G8327,G8307,G9756,G3104,G8353,G9738,G8334,G3413,G9823,G3263,G9482,G1026,G8320,G9707,G2781,G1042,G9705,G9571,G3246,G3412,G9847,G2768,G3440,G3409,G9739,G3353,G9848,G9719,G1058,G9715,G9846,GR032,G9697,G9822,G9816,G9566,G2791,G9757,G9564,G9740,G3363,G3240,G6943,G1040,G3252,G8362,G9695,G7000,G3119,GR070,GR069,G3255,G9817,G1043,GR067,G8356,G7004,G3438,G2736,G9568,G3364,G2785,G2293,G9694,G3303,G3253,G1028,G9488,G3437,G2738,G7008,G1080,G7010,G3256,G2250,G8367,G8321,G2709,G6967,G1052,G6942,G9845,G6937,G1011,G9781,G9759,G6936,G6941,G3355,G2227,G6939,G9565,G9814,G3405,G6859,G1010,G9735,G6947,G8322,G2299,G2224,G9567,G3160,G9762,G9844,G3452,G9760,G1006,G3346,G3367,G3356,G2275,G2294,GR060,G6829,G3404,G9581,G8535,G3406,G2710,G8358,G8328,G3127,G2711,G2282,G2298,G9761,G6946,G2249,G8329,G9569,G2723,G9563,G3307,GR025,G3401,G9813,G9480,G2295,G9589,G9481,GR076,G6949,G8335,G1014,G2292,G7003,G8207,G2787,G6948,G6944,GR041,G2210,G8352,G2720,G3254,G6935,G3446,G6831,G3428,G2216,G3335,G3326,G2251,G2745,G9780,G3403,G9842,G2782,G2220,G7005,G9826,GR024,GR075,G2218,G9741,G8331,G2296,G8361,G9716,G1095,G6938,G2732,G3429,G2268,G2247,G9555,59285,GR066,G9763,G3427,G3333,G1007,G7063,G3164,G7012,G9841,G9487,G1029,G1046,G9572,G2248,G8205,G8556,G9742,G0817,G9734,G9724,G9773,G9584,G9528,GR064,G9815,G8355,G2789,G6830,G7002,G1008,G7067,59087,G2206,G9557,G3304,G9777,G6934,G7066,G2290,G2734,G8357,G6951,G8323,G1051,GR065,G6857,G8326,G6950,G9558,G2279,G3407,G9782,G9764,G9721,G9512,G2601,G9770,G3357,G2297,G2748,G1064,G9723,G6840,G9560,G9561,G9732,GR039,G9778,G8530,G2276,G8315,G6945,G8190,G8201,GR071,G6858,G8213,G9570,G9556,G9507,G8199,G2286,G9755,G9725,G3423,GR001,G2288,GR061,G9731,G1094,G1036,G9587,G6862,G3219,G7060,G7011,G8541,G1009,G9720,G3351,G6952,G9772,G3232,G9706,G9578,G6841,G9783,G9784,G8200,G7059,G3230,G3222,G8202,G0816,G9771,G6843,G7064,G3310,G1099,G6933,G2291,G9588,G2773,G9722,G3151,G2786,G3422,G9795,G7001,G1044,G9515,G3311,G6954,G9796,G2677,G3261,G6953,G9825,G2602,G3350,G9829,G3328,G3224,G9531,59287,G3236,G8215,G6834,G6852,G9580,G9798,G3229,G6839,G3103,G9834,G9774,G9577,G3241,G1001,G9562,G2724,G9708,GR040,G9733,G2289,G8198,G9827,G3362,G6832,G6837,G9539,G9996,G9824,G3221,GA004,G9799,G9491,G1045,G6853,G9797,G2783,G1053,G9582,G9704,G1037,G9800,G1033,G6966,G9576,G2280,G3235,G2287,G3161,G9506,G9801,G2726,G8212,G9775,59288,G3320,G9802,G3243,G9504,G9794,G7013,G3228,G2722,G2261,G3327,G9505,G1022,G9726,GR043,G8540,G2285,G6850,G3157,G6836,G9585,G9476,G9776,G3316,G3402,G9709,G9472,G2788,G9753,G9489,G8222,G0902,G3225,GA037,G3238,G9473,G7062,G8287,G3314,G0903,G9470,G8332,G9835,G7065,G1020,G8211,59279,G3454,G9475,G6965,GA001,G9803,G8191,G7014,G8557,G8351,G3234,G2281,G9828,G9471,G8219,G3231,G9804,G9474,G1002,G1093,G7016,G3223,G2652,G3233,G6838,G3332,G8221,G3410,G9478,G3345,G6842,G3163,G3344,G8214,G9791,G6833,G6867,G8552,G3102,G7006,G8289,G7015,G9729,G6960,G6959,G2272,G8220,G3450,G6955,G3451,G9805,G3143,G9806,G2655,G8193,G3312,G9713,G7061,G3237,G3249,G3449,G3349,G8209,G9513,G8223,G3322,G9594,G3309,G3227,G9499,G7017,GR036,G9579,G3162,G7018,G6961,G1034,G6860,G6835,G9573,G9498,G3321,G2714,G8204,G3105,G8194,G6866,G9590,G9526,GA002,G9752,G9477,G3226,G3339,G9714,G1039,G9500,G3101,G3435,G2656,G2625,G2267,G9712,G9501,G9793"
113.20,24.20,0.59,0.54,192,"G8342,G8538,GR034,G2772,G2771,GR042,G8567,GR073,G8540,G8537,GR040,G8566,GR074,G8565,G8547,GR036,G2747,G8546,59088,G8348,G8347,G8532,GR035,G8315,G8530,G8552,G2777,GR037,GR038,G8536,G8541,G8545,GR075,G8561,G2745,G8533,GR043,GR041,G8568,G8556,G8531,G8543,G8555,G8535,G2773,G8549,G2770,G8548,G2721,G2774,G2727,G8557,G8542,G8553,G8340,G8563,GR039,G2724,G1466,GR044,G1460,G1426,G2728,G8329,G2787,G2735,G8332,GR068,GR072,G2714,G2723,G2711,G2775,G8564,GF701,G2748,G4614,GR026,G8326,G8352,GF004,G8341,G8324,G8308,G8350,G8554,GF700,G2788,G2702,G8307,G8365,G8325,G8551,G2791,GR064,G8357,GR063,G8524,G2790,GR078,GF092,G4619,GR045,G2781,G4664,GR025,G4407,GR077,G2789,GR056,G2736,G2783,59087,G8362,G8323,GF100,G2766,G2744,GR024,G4538,GR062,G8328,G8355,G4612,G2712,G4555,GR030,G8327,G2754,G8512,G8558,G8354,GR027,G2738,G8529,G2725,GR029,G8437,GF706,GR069,G8569,G8367,G8510,G2768,G8507,G8306,GR061,G2780,G2722,G8331,G8528,G8336,G8518,G4618,G2701,G8302,G8353,G8312,59280,GR057,GR060,G2729,GR071,GR028,GR001,G4667,G2786,G3426,G8509,G1429,G4540,G8356,G1409,GR031,G4615,G8351,G2713,G8534,G2776,G2743,G8361,G2704,G9754,G4630,G8366,G4556,G2734,G8330,G9879,G4547,G8358,G9736"
113.20,24.80,0.60,0.54,210,"G4554,G4549,G4547,G4557,59081,GF702,G4556,G1464,G4535,G4534,GF704,GF707,GF099,G4544,G4541,G4551,G4407,G9881,GF705,GF092,G4540,G1462,G9884,G9880,G4550,G4543,G4553,G4538,G4542,GF004,G9883,G1414,G1403,G4546,G8505,G4545,G4401,G8503,G8504,G8502,G1404,G4555,G1463,G4402,G4552,GF700,GF005,GF007,G1415,G1460,GF003,G4548,GF703,GF706,G1411,G4536,G1466,G4517,GF102,GF701,GF000,G8501,G1410,G4403,G1454,GF098,G4411,G4404,G1426,G1405,G4415,G8500,G4610,G4614,G1401,G8563,G4405,G4567,G1429,G4569,G4608,G1406,G4619,57988,GF006,G4563,G2767,G4409,G4408,G4666,G4412,GF200,G4604,G8510,G4400,GF100,G4406,G4410,G4516,G4617,G4663,GF202,GF095,GF001,GF209,G4562,G4664,G1425,G4612,G8545,G1458,G8542,59082,G4667,G1456,G8524,G1412,GF104,GF201,G4615,GR011,G4602,G4601,G4566,G1409,G9882,G4605,G4519,G1402,G8515,G8561,G2747,GF101,G1413,GF002,G8568,G4568,G4616,G4439,G2766,GF308,G4525,G8564,G4518,G1445,G4611,GR012,G8537,GF096,GR006,GR010,G8448,G8547,GF203,G1428,G8548,G1461,G4607,GF204,G1491,GF103,G2775,GF312,G4438,G4618,GR056,G2728,G8508,G4621,G8316,G8317,G2777,G2765,G8569,G1474,GF097,GR035,G1455,G8511,GR004,G1470,G4609,G1442,GR042,GF303,G2770,G1448,GF304,G8340,G8347,G8532,G8348,G8565,G1446,G4524,G8507,G4603,G8457,G1492,G4630,G8445,G8533,G4620,G8444,G4529,G1449,G4526,GR034,G1439,G4628"
113.20,25.40,0.60,0.54,99,"G4565,GF210,G1472,G4606,G4600,GF211,G4648,G1471,G4561,GF212,GF207,GF204,GF206,GF205,G1470,G4518,G4560,GF097,G1413,G4609,G4519,G1412,GF096,G4649,G4516,G4562,GF095,GF203,G4601,G4602,G1458,G1456,G4647,GF208,G4663,G4563,GF200,G4566,G4603,G4604,G4607,G1461,GF098,57988,G4564,G1474,G4608,GF209,G1410,G4568,G1454,G4548,G4605,G4536,G4567,G1415,G1418,GF201,G4569,G1459,GF202,G1449,G4517,G1452,G1411,G1414,G1465,G1448,G4546,G1417,GF308,G9880,G4552,G1462,G4422,GF703,G1446,GF093,GF099,G4525,GF000,G4553,G1455,G4529,GF707,G4521,G1463,G4544,G4542,G4543,G4545,G8505,GF702,G1425,GF303,G8504,G1464,GF312,G9883"
113.80,22.40,0.58,0.54,554,"G1191,59490,G1179,G1189,G3521,G1277,G3979,G3619,G3556,G3585,G3978,G3977,G1142,G3976,G3618,G3704,G3540,G3717,G3975,G3697,G1195,G3650,G3715,G1294,G1211,G3714,G1153,G1196,G1197,M9988,G3718,G3643,M0003,M0004,G3647,G3641,G3555,G6219,G3759,G1227,G1229,G3974,G3546,G3675,G3738,G3530,G1145,G2073,G3784,G1243,G1282,G3720,G1139,G3699,G3998,G3765,G3561,G3694,G3973,G1186,G3768,G1285,G3734,G1204,G3757,G3692,G3680,G1187,G9818,G9718,G1236,G2074,G3575,G1244,G1228,G4005,59493,G3501,G3752,G3548,G3648,G3645,G3713,G2089,G3997,G9535,G3972,G2052,G3634,G1223,59488,G3211,G3971,G9521,G3671,G9748,G3740,G3776,G3565,G6200,G1209,G3669,G1270,G1233,G3992,G1283,G3504,G3681,G3981,G3636,G1215,G1130,G3503,G2028,G3970,G3658,G3684,G3502,59486,G9574,G6210,G3766,G3519,G3580,G3562,G2005,G3733,G2043,G3617,G3703,G1151,G1152,G3778,G1271,G3702,G3547,G3773,G1178,G2042,G1135,G1091,G9749,G3614,G2051,G3688,G1276,G1272,G3691,G9552,G3746,G1017,G1237,G1212,G3797,G2038,G3991,G3775,G2045,G1090,G3996,G3761,G3576,G1132,GB060,G3526,G3774,G3747,G2050,G2053,G3553,G3779,G3635,G3698,G1175,G1149,G2023,G3579,G3793,G1136,G3995,G2027,G3522,G1129,G3523,G3653,G3531,G1221,G2086,G3581,G2049,G3682,G3663,G1184,G1155,G1188,G3208,G3527,G3664,G3557,G3212,G1121,G3631,G2081,G9534,G3789,G2003,G3574,G1120,G3620,G3551,G2071,G3751,G2066,G5968,G3721,G3577,G6218,G2026,G9520,G1078,G3630,G3739,G1156,G1146,G3728,G2068,G6058,G3572,G2010,G3798,G1183,G3727,G3781,G9519,G2008,G3790,G1226,G2085,G2083,G3696,G1190,G3202,G3994,G1230,G3569,G3534,G3524,G1180,G2077,G2080,G2006,G1166,G1985,G1131,G3744,G2035,G1143,G3506,G1280,G3693,G3205,G2054,G6213,G1170,G3568,G2004,G1173,G3783,G3513,G6211,G1901,G3543,G6143,G3550,G2025,G3239,G6204,G3528,G6203,G2091,G3510,G3558,G3799,G3573,G1161,G3529,G9549,G3764,G3552,G2036,G2084,G9522,G1217,G3515,G6057,G2030,G1144,G2094,G6208,G3701,G3518,G2009,G3659,59485,G2065,G1193,G2037,G3750,G5952,G3785,G3507,G3756,G3980,G1292,G1206,G2099,G1174,G2062,G3121,G1238,G3791,G3559,G1232,G3207,G2048,G6214,G2029,G3743,G1295,G1997,G1176,G2092,G1911,G6059,G3514,G1072,G3732,G2096,G1182,G3722,GB031,G9551,G3535,G2076,G6060,G1240,GA005,G3758,G2024,G3726,G1148,G3686,G3206,G3578,G1966,G1164,G1960,G9503,G2016,G1224,G6055,G2007,G1906,G3583,G6088,G1048,G6056,G3737,G3560,G2017,G3517,G5960,G3794,G1252,G2058,G6201,G2031,G1055,G3308,G6142,G6103,G6110,G2018,G5962,G3201,G3742,G6006,G2070,G6085,G3953,G2087,G6013,G2022,G1998,G9550,G3621,G1177,G3649,G1089,G2093,G3987,G6154,G3532,G6123,G2088,G3554,G3960,G6048,G1259,G2044,G2002,G1917,G9533,G6105,G1220,G9819,G6096,G3209,G1933,G6207,G1256,G2067,G1976,G1990,G6029,G6054,G3204,G6107,G1967,G3545,G3567,G5958,G6104,G2032,G3549,G1261,G3678,G6097,G6033,G6106,G6217,G6101,G3989,G2060,G3796,G2041,G3213,GA038,G1989,G9717,G2063,G1299,G2019,G3120,G5959,G6215,G3142,G1210,G3661,G3760,G1258,G1953,G1262,G3961,G1954,59487,G6012,G6130,G1137,G3952,G1056,G1298,G3210,G2075,G2015,G3723,G3956,G1185,G2090,G1905,G2046,G2072,G6155,G1968,G5967,G5961,G3687,G1250,G1932,G1218,G1289,G6028,G3959,G1987,G1944,G9765,G1133,G6549,G2034,G9546,G1942,G5951,G3118,G3969,G6090,G6053,G2061,G6071,G3964,G6205,G6120,G9532,G6034,G3509,G3570,G6156,G6062,G3110,G1125,G3132,G6091,G6112,G3963,G2011,G1171,G1297,G6081,G3988,G6212,G6078,G2059,G1263,G1910,G2082,G9840,G1964,G3203,G2020,G3536,G3950,G2014,G3623,G1016,G9540,G1955,G2039,G6001,G9524,G6047,G1255,G6046,G1935,G2047,G1205"
113.80,23.00,0.59,0.54,1056,"G1949,G1918,G6044,G6042,G6009,G6036,G1981,G1921,G5954,G6162,G5953,G5955,G6045,G6094,G1922,G5956,G1995,G6037,G6132,G6163,G1923,G1909,G6046,59289,G6043,G6015,G6092,G6050,G1994,G1913,G6001,G6035,G6052,G6047,G1952,G6120,G1924,G6014,G6077,G1920,G6010,G1963,G1993,G5940,G1971,GS014,G6093,G1992,G1932,GS013,G6049,G6017,G6099,G1935,G1928,G1973,G1910,G6039,GS015,G1978,G6076,G6016,G1944,G6144,G6156,GS005,G1964,G1936,G6038,GS012,GS003,G1961,G6021,GS011,G6020,G6032,G1934,G5945,G6148,G6089,G6041,GS009,G1937,GS010,G6023,GS006,G1915,GS001,G5944,G6051,GS008,G1933,G1962,GS002,G6027,G1912,GS004,G1987,G1950,G3154,G1948,G1982,G6100,G6048,G6026,G1943,G6074,GS007,G6123,G1984,G1956,G6084,G1996,G6071,G5958,G1925,G6054,G6031,G6040,G1970,G1793,G1945,G1939,G1977,G6112,G1972,G1931,G6024,G6007,G1940,G1747,G1986,G1792,G5959,G3532,G5965,G6085,G6018,G6130,G1983,G1960,G6053,G1902,G3583,G1942,G6022,G6061,G6152,G6008,G6019,G1740,G6060,G1929,G6064,G1947,G9583,G6072,G6062,G5969,G1023,G6000,G3122,G6151,G1911,G6153,GA021,G5950,G6025,G6097,G1904,G1926,GA010,GA015,G5966,GA017,G1941,G3153,GA026,G5392,G1965,G5388,G6128,GA019,GA013,G9598,G6059,G6102,G1916,GA012,GA016,G6055,GA011,G6057,G6073,GA020,GA009,G3756,G5390,G3785,GA024,G1989,G9596,G5947,G1176,G3686,G3152,GA018,G1062,G5948,G6063,GA008,G5946,G1907,GA025,G6034,GA022,G1976,G1193,G5387,GA028,GA023,G1908,G5949,GA014,G6002,GA027,G3267,G6126,G1968,G6056,G1980,G3319,G3550,G5391,G5951,G9536,G1975,G1919,G6075,G3529,G6065,G1997,G6129,G3250,G6142,G6087,G1988,G6127,G5406,G6088,G1967,G3568,G1131,G1985,G3515,G1966,G5967,G9840,G3781,G3318,G9711,G1957,G6098,G1951,G6033,G5389,G5952,GA007,G3722,G6058,G6003,G1901,G9744,G1143,G1164,G1786,G9743,G3115,G9597,G6067,G6143,G3790,G9540,G9839,G6086,G3144,G9559,G1079,G5957,G1170,G9595,G5968,G9591,G9514,G3728,G9765,G3300,G5400,G3158,G9532,G6030,G3569,G1183,G6006,G9503,G3557,G6113,G9586,G3528,G1031,G9838,G3663,G3146,G3118,G3245,G9550,G3664,G5398,G9533,G5437,G9509,G1955,G1914,G1946,G3764,G9717,G3701,G3329,G1775,G6066,G1774,G1019,G3201,G6115,G3244,G1927,G3139,G6011,G1156,G3682,G3124,G1083,G3162,G3322,G1072,G1136,G3210,G9837,G1979,G3317,G1773,G3226,G1784,G3693,GA003,G1906,G3114,G9525,G3727,G3526,GA038,G5424,G3133,G3120,G6080,G6117,G3140,G6028,G9513,G3746,G5393,G9502,G3531,G3266,G3308,G5438,G5404,G1779,G6095,G3233,G3338,G9579,G9520,G5326,G9789,G3234,G9712,G6068,G3203,G3688,G1077,G3332,G1132,G3227,G9549,G3744,G3213,G9519,G3614,G1003,GB031,G1018,G1930,G9776,G1056,G5340,G1991,G6091,G9585,G1002,G3231,G1152,G3121,G1151,G3783,G6013,G9534,G3113,G3269,G1054,G5357,G5412,G3212,G5964,G3136,G1953,G1032,G9554,G3750,G3208,G1048,G3574,59294,G1022,G3312,G1990,G6012,G3135,G6114,G3733,G1089,G3635,G3636,G9526,GA004,G3681,G3702,G5361,G9594,G9713,G9775,G1780,G9774,G3653,G9819,G9562,G3327,G3229,G5439,G6131,G9779,G9551,G5425,G9522,G1086,G9527,G6005,G6069,G3671,G3161,G6090,G9510,59486,GA001,G3502,G1741,G9749,G5397,G3132,G6079,G3190,G5327,59287,G3125,GA002,G9828,G5413,G3202,G3204,G3328,G1720,G6082,G1030,G3130,G1190,G0816,G9548,G1091,G9747,G9714,G3230,G5359,G3703,G3543,G5963,G3551,G9745,G3302,G6078,G3320,G6110,G3575,G3239,G9704,GA006,GA005,G5341,G6070,G3235,G3131,G3680,G1034,G3448,G9580,G3513,G3228,G9546,G1974,G9547,G9784,G9783,G3732,G3141,G1958,G9578,G3207,G1905,G5360,G3734,G6096,G1071,G1055,G1065,G9545,G9582,G3791,G9593,G9518,G3442,G3503,G3768,G3128,G3242,G9748,G3238,G3617,G3454,G6103,G1705,G5358,G9835,G6154,G0903,G3147,G3321,G0902,G3155,G9561,G6081,G9553,G1155,G3151,G6104,G3692,G3330,G9541,G1917,G1139,G9535,G9556,G9560,G3572,G3510,G3205,G1015,G1017,G3311,G6107,G3206,G9558,G9590,G5316,59481,G3220,G5325,G3620,G3699,G1016,G6083,G3232,G9544,G9508,G1959,GB060,G5962,G3209,G3443,G3766,G3218,G1148,G9524,G5394,G1078,G5339,G1087,G3112,G1180,G5436,G9517,G5961,G1145,G3110,G9489,G3548,G3102,G3268,G3504,G9584,G6029,G3143,G9709,G3247,G2048,G9543,G3765,G5386,G9557,G3261,G0817,G9574,G5435,G3129,G9577,G3309,G3137,G9499,G3507,G1178,G1029,G9552,G1061,G3696,G3685,G3164,G3142,G6106,G5338,G9572,G9592,G9521,G1039,G1008,G3553,GL251,GA032,G3333,G9555,G3565,G9528,G3339,G9512,G6105,G1007,G9818,G3138,G3435,G3101,G2041,G9500,G1097,G3344,G5474,G1069,G5342,G9829,G9788,G3111,G3643,G1090,G2093,G1000,G9504,G6912,G9575,G9501,G3335,G1036,G3694,G1187,G3751,G3221,G3684,G3573,G5468,G3211,G1092,GL257,G3530,G9478,G9826,G3345,G9491,G3759,G2072,G1954,G3449,G3347,G2049,G1998,G3324,G3108,G3559,G9746,G3698,G5403,G6155,G6219,G3704,G9780,G6101,G3784,G1099,G3314,G5550,G5446,M0003,G5395,G3509,G9741,G3362,59297,M0004,M9988,G1197,G1047,G2066,G9718,G9506,G1196,G3715,G9505,G3316,G3447,GA035,G1153,G5471,G1049,G5321,G9841,GA034,G5432,G3401,G3506,G9834,G5418,G3739,G3241,G3546,G3444,G5960,G3564,G3757,G1001,GA033,G9569,G3648,G2231,G3720,G3714,G5343,G3134,G9523,GA030,G9477,G5441,G3223,GL255,G1161,G1093,G9570,G3743,G6210,G3650,G3407,G5405,G3718,G3145,G5543,GA036,G3410,GE203,G1053,G1188,G3661,G5431,G2045,G2091,G3738,G3562,GA031,G2266,G2022,G5475,G9996,G3446,G3740,G2056,G5422,G3717,G9763,G3402,G5429,G2006,G3691,G3555,G5302,G1175,G3117,G9581,G3649,G9471,G9470,G2099,G1037,G6927,G3737,G3406,G3450,G3561,G9710,G3697,G2232,G9842,G3748,GE224,GL254,G3428,G3678,G6924,G9721,G5473,G1166,G9720,G1184,G2243,GL256,G3570,G3547,G2092,G3634,G9498,G3160,G1060,G9475,G9507,G9476,G3150,59493,G3675,G9814,GA029,G3501,G3156,G3556,G3633,G9824,G3148,G9781,G9772,G1186,G3658,G3761,G9474,G1185,G3103,G5470,G9723,G2023,G3356,G2032,G3558,G9724,G3647,G9722,G3630,G1070,G6916,G5430,G3758,G3224,G9725,G5384,G3518,G2242,G1135,G3451,G3618,G9473,G3107,G1721,G3225,G3560,G9764,G9792,G5467,G3669,G6816,G1006,G3760,G5476,G3621,G1045,G9472,G6926,G3527,G3752,G3778,G2209,G1009,GE216,G3797,G2245,G3780,G3579,G9773,G2090,G2240,G9515,G3798,G3641,GE238,G9708,G9825,G3539,G3774,G3157,G2014,G9770,G2073,G6913,G1088,G9771,G6900,G3520,G3219,G3519,G3619,G1014,GE222,G5383,G3576,G9791,G2252,G2071,G9805,G3437,G1189,GL253,G3721,G5385,G2052,G3773,G5451,G1052,G9762,G2008,G1144,G2040,GE239,G9799,G9742,G9794,G6817,G9782,G3775,G9568,G2043,G3540,G9798,G1121,GE207,G3429,G3554,G2044,G1182,G9801,G1033,GE221,G3645,G1130,G1149,G1799,G3622,GA037,G1028,G5320,G3779,G1142,G2094,G5434,G9761,G5300,G3523,G2219,G5469,G2096,G9726,G5416,G1171,G3662,GL252,G2074,G9777,G9795,G3522,G3534,G6218,59298,G3577,G6848,G2230,G9563,G3789,G1195,GE213,G9576,G2015,G1040,G3323,G3581,G9539,G3580,G3516,G3521,G3249,G3237,G3357,G3713,G3747,G1051,G9803,G5409,G5551,G9807,G3585,G9793"
113.80,23.60,0.59,0.54,486,"G3248,G3105,G3163,G3243,G3323,GL701,G1750,G9531,G3349,G3350,G9733,GA037,GA029,G1060,G3351,G9755,G9827,GA031,G9732,GA036,G3348,GA030,G1064,G1020,GA034,GA035,G3103,GA033,G1085,G9731,G3304,G3148,G1755,GL710,G3357,GL708,59285,G3427,GA032,G5551,G3423,G9716,G3150,G9734,G9592,G3326,G9729,G3247,G1082,G5564,G9764,GL709,G3143,G9751,G1061,G2732,G9480,G3307,G9553,G3127,G3429,G9730,G9481,G5552,G9530,G9753,G1065,G5543,G3422,G3321,G9735,G3268,G9759,G9760,G9752,G3106,G9593,G3425,G9702,G2782,G3367,G3261,GL706,G1080,G3369,G3303,G3365,G2710,G9761,G9763,GA002,G1063,59294,G3424,G3428,G9727,G3147,G3363,G9757,G3364,G5542,G3355,GR076,G5550,G9512,G9728,G2734,G3269,G9762,G3151,G3320,G8361,G3338,G8360,G8358,G9594,G2785,GA001,G9719,G9704,G2709,G2784,G1057,G9705,GR001,G5541,G3353,G9739,G3317,G2786,G3421,GL707,G9741,G9750,G3356,G8351,G1083,G3266,G9740,GR060,G3245,G9557,G9756,G9556,G3368,G5360,G3124,GR061,G9758,G2737,G5424,G3300,G8356,G1028,G5431,G9826,G3328,G9581,G9595,G5563,G5385,G3160,G1084,G3354,G3123,G1007,G1775,G1022,G9738,G9743,G5432,G9560,G9744,G5386,G3318,G9784,G9783,G1753,G8367,G9584,G0817,GF811,G3333,G3437,G5553,G8355,G8366,G9555,G1021,G3418,GR024,G9558,G9568,G3246,G2738,G9754,GL705,G9562,G3440,59087,G5358,G5384,G1483,G2713,G5383,G2789,G1478,G3267,G3229,G8353,G3335,G2768,G9536,G1058,G5403,G5433,G9585,G5544,G2783,G9596,G9561,GR025,G9569,G3426,G9736,G9776,G3262,G3144,G5389,G8357,G3319,G0816,G5429,G5413,G5387,G8354,G8362,G2736,G3258,G5400,G9598,G3122,G3257,G4651,G9737,G1774,G1029,G5425,G4652,G3153,G3322,G9583,G9781,G5561,G3401,G5556,G1040,G3230,G5357,G1786,G9816,GF810,G5430,GL702,G3413,GR027,G2788,G3164,G8352,G2748,G1023,GA025,G5549,G2780,G5404,G3352,G9774,GF809,G3263,G1785,GA028,G5359,59290,G5546,G9767,G1740,G9769,G5435,GA027,G1792,G2791,G3234,G9814,GA004,G5398,GR028,G2711,G3152,G3146,G2781,G9572,G5554,G1705,GA026,G9701,GA020,GA022,G3162,G5388,GA023,G3233,G3154,GR062,G9578,G2787,GA017,G1752,G1793,G1024,G9823,GR077,G9822,G9697,G9766,G2712,GA011,G1027,G8350,G3414,GR078,G5416,G5361,G5391,GA013,G9695,G3419,G2729,G4658,G3406,GA019,G1948,G9780,G1934,GA016,GS001,G6148,GS002,G2754,G3109,G2714,GA012,GA021,G1912,G1747,G5365,GR029,GS004,59287,G1961,G3332,G5547,G9703,G1773,G1052,G5381,G5965,GS003,G5392,G6020,GS006,G8534,G5436,G5434,GA010,G5412,GS007,G6076,GL704,G1962,G4659,GS008,GR039,G5545,G3231,G9775,GR026,G5397,G9591,G1973,GS005,GR031,G9528,G5540,GA024,G1002,G4558,G6027,GA009,G2735,G5353,G6021,G9513,G8365,G1779,G1780,G3240,G1977,G1423,GF808,G3226,G1008,G5382,G1062,G6144,G9707,G5405,GA015,GS009,G5969,G2743,G1059,G3327,G9486,G1006,G9694,G9817,G1936,G3417,G1993,G1963,G1941,G6026,G6041,GL251,GS011,GS015,GS012,G3161,G9832,GL703,G1992,GL257,GA008,G6023,GS010,G9579,GL255,G3251,G6077,G6051,G9580,G1928,GA018,G5406,G5363,G1931,G5401,G3446,GS013,G5362,G9586,G1978,G5390,GL253,G1940,GL254,G9841,G2702,G3232,G5367,G1983,GF807,G3227,GL252,G3329,G5356,G9768,G6016,GS014,G4660,G6010,G8557,G9514,G3415,G1994,G6025"
113.80,24.20,0.59,0.54,272,"G8544,G2776,G1482,G2746,GF804,G2743,G4632,G4558,G8558,G8534,G9867,GR045,G2790,G2755,G2729,G4629,GF600,G9869,G4660,GF605,GR028,G8539,GF803,G9866,GF810,G8341,G2712,G9874,G9871,G4631,G2780,G9865,GF809,G1495,G9873,G8365,GF091,G8551,G8550,G4634,G2744,GR027,G1483,GR078,G4652,G9868,G9872,G1485,G2713,G9870,G4635,G4640,GF811,GR026,G8354,G1478,G8553,GF607,G8366,GF606,G4654,G1493,G8350,G2735,G2737,GF808,G4641,G9879,GR072,G9850,G2727,G8549,G2714,GF802,G9863,G4636,G4644,G8531,G9875,G9878,G2784,G1057,G9851,G9877,G9750,G2788,G3368,G4630,GF604,G9862,G8340,G1473,59094,G8360,G4651,G8569,G2783,G9864,GR038,G4628,G8536,G8351,G4659,G2728,G1423,G2775,G1499,G8557,G4656,GF601,G3365,G4638,G9876,G4657,G4618,59088,GF807,G8546,G9860,G8533,G1084,G4633,GR037,G1486,GF801,G9852,G4623,G3425,G9853,G4658,G1492,G4645,G9752,G3424,G2786,G8548,G4624,G9702,G1481,G9730,GR061,G2748,G8532,G8348,G8347,G4639,G8552,G4655,G1421,G2773,G8357,G1484,G9861,GR001,G1063,59087,GR039,GF602,GF603,G3106,G2789,GR074,59097,G8355,G9753,G9856,GR036,G3421,G2777,G4431,G1490,GF800,G4620,G1488,G1409,G4642,G1082,G4664,G4612,G1428,G1491,G9728,G4643,G9729,G1476,G3422,G9751,G4667,G9854,G4615,G1440,GR024,G2734,G8568,G9859,G3369,G4668,G1753,G8352,G5561,GF100,G1085,GF104,G4559,G8567,G4454,G2787,G4453,GR025,G8361,G9530,G9727,G8561,G2711,GR040,G4619,G1020,G4625,G4665,G1494,G3348,G8547,G4616,G1542,G9857,GR060,GR076,G8530,G8315,G4653,GP104,G4614,G4528,G9855,G4897,59082,G1468,G3423,G4527,GF806,G8358,G1429,G2782,G4666,G8342,GL708,G8367,G2738,G1540,GF101,G9827,G2736,G4661,GL704,G1752,G3349,G4617,G1424,G1426,G4637,G4621,G8538,G9858,G9731,G4416,G8362,G5544,G4846,G2710,G2732,GP107,G4669"
113.80,24.80,0.60,0.54,264,"G4613,GF103,G1424,G4622,G4611,G4621,G4531,G4665,G4524,G1402,GF304,G9882,G4661,GF002,GF310,GF101,G4523,GF305,G4410,G4616,G4406,G4620,G4533,G4504,G4400,G4625,G4412,G4408,G4409,G4453,G4639,G4438,GF006,G1406,G4528,G1491,G4510,59082,G1428,G4617,G1442,G4405,G1401,G4454,GF508,G4527,G4439,G4512,G1451,G1439,G4415,G4526,G4442,G4441,G1445,G1492,G4431,G1440,G4668,G4403,GF001,G4411,G4501,G1468,G1420,57989,GF502,GF104,G4404,G1405,G4666,G9876,G4662,GF094,G1467,G1469,59090,G4610,G4502,G4628,GF503,GF506,GF312,GF309,G9877,G4615,G1425,G4508,G1409,GF501,G9878,GF005,G1437,GF003,G4667,G4416,GF102,GF300,GF505,G1489,GF303,G1429,GF500,G4402,G4506,G9875,G4630,G4447,G4401,GF007,G4503,G1404,G4618,G4507,G1493,G9859,G9864,G4525,GF606,G4444,G9879,G4522,G1455,G8569,G1496,G1403,G4448,G4612,G4514,G4515,G9884,G4414,G4529,G9883,G4509,G4530,GF000,G4550,GF301,GF100,G4636,G4505,G1463,G9872,G4551,G4500,G9881,G1484,G4664,G1443,G4541,G1450,GF603,G8550,G4511,G9863,G4646,G1446,G4619,G4643,GF704,GF308,G4631,G9873,G9871,GF703,GF507,G1494,G4633,G1444,G4520,GF601,G8539,G4462,G4553,G9858,G4534,G4422,G9862,GF202,G9856,G1448,GF302,G9874,GF605,G4413,G2775,G2744,G4552,G9857,G4614,GF412,GF201,G2755,G4645,G4569,59081,G1465,G4605,G1411,G4635,G4535,G1449,G4629,G4557,G2728,G4517,GF602,G4568,GF401,GF707,G4450,GF504,GF307,G9865,G1459,GF411,GR072,G1441,G1452,G4466,G4644,G1490,57996,G9860,G8551,G9861,G1474,G1426,G4513,GF607,G1461,G1454,GF409,G4607,G1417,G1485,57988,G4608,G4546,G2746,G4521,G9866,G1427,G4637,G4604,G8340,GF600,G1499,G4554,G4434,G4640,G9854,59094,G4632,G1486,G1434,G8548,G4460,G1419,G4663,G9850,G1418,G4603"
113.80,25.40,0.60,0.54,119,"G4521,GF311,GF093,GF307,G1453,G1419,G4424,G4443,G4423,GF302,GF306,G4520,G4413,G4425,G1417,G1452,G4530,G1418,G4422,GF301,G1465,G4444,G1459,G4522,GF411,G1449,G1446,G4462,G4529,G4647,G4414,G1448,GF300,G1437,G4603,G1496,G1455,GF401,GF303,G1474,GF309,G1420,57989,G4460,G4505,G1435,G1461,G4607,GF308,G4442,G4441,GF312,G4525,G1439,G4526,GF206,GF205,G4560,G4568,GF506,G4605,G1442,G4609,GF203,GF410,GF201,G4447,G4523,G1445,G4438,G4510,G4467,GF202,GF310,G4439,G4466,G1425,GF305,GF507,G4602,G1456,G4561,GF212,GF304,G4663,G4524,G4509,G1443,G4569,59090,G4434,GF001,G4604,G1430,GF508,GF204,GF412,G4504,G1471,57988,GF200,G4519,G4662,G4608,G4531,G1407,GF000,G4508,G4512,57996,G4450,G1454,G4517,G4562,GF703,GF500,G1472,G1451,G1422"
114.40,22.40,0.58,0.54,318,"G3725,G1154,G3640,G3566,G3563,G3626,G1134,G3674,G1159,G3512,G1140,G3582,G3525,G1172,G3567,G3536,G3627,G3724,G1162,G3794,G3666,G3544,G3668,G1125,G3730,G3545,G3762,G3578,G3723,G3511,G3625,G3535,G3695,G3533,G3742,G1133,G3514,G3549,G1165,G1163,G1138,G3687,G3571,G3726,G1177,G3689,G3659,G3796,G3792,G3799,G3517,G3623,G3541,G1173,G3552,G1146,G1137,G1174,G3524,G1181,G3787,G1182,G3624,G3749,G3534,G3631,G1144,G3753,G1120,G3554,G3788,G1129,G3731,G3577,G3538,G3789,G3793,G1147,G3581,G3721,G5303,G1121,G3542,G3522,G3523,G3560,G3798,G3621,G3518,G3758,G3754,G3747,G3719,G1149,G3558,G1171,G3779,G3508,G3760,G3527,G3775,G3630,G3576,G3579,G1166,G3774,G3737,G3580,G3649,G1185,G3678,G3797,G3773,G3683,G3776,G1184,G3743,G1161,G1130,G3537,G5330,G3761,G3519,G3622,G3654,G3780,G3778,G5960,G1135,G3713,G1175,G3795,G3570,G3506,G3661,G1188,G3645,G3739,G3657,G1701,G3547,G3559,G3691,G3646,G3658,G3669,G1717,G3573,G1998,G5460,G6101,G3752,G3751,G3516,G3562,G3748,G5464,G1954,G3634,G6155,G3539,G3698,G1702,G6105,G3509,G3507,G3501,G1718,59493,G5457,G3696,G3564,G3520,G3740,G5335,G6106,G1735,G5328,G1186,G1148,G6029,G3662,G3633,G3553,G1180,G5962,G3648,G5443,G3684,G3510,G5458,G5459,G3561,G6107,G3620,G3572,G5471,G5961,G5467,G3757,G1917,G5317,G1178,G5445,G6103,G6104,G3685,G3641,G3791,G6154,G1195,GB060,G3675,G3732,G1155,G3565,GL510,G3540,G5463,G6096,G3513,G3720,G3647,G6110,G1187,G5469,G3504,G3543,G6083,G3738,G6081,G3766,G5465,G1905,G5336,G3585,G1190,G1142,G3555,G5470,G3551,G5446,G3618,G3694,G5448,G3784,G3546,G1959,G5313,G5468,G1721,G3548,G1179,G5477,G6078,G3521,G3617,G3697,G3619,G3718,G3750,G6090,G5510,G5415,G3530,G1990,G1706,G1974,G3717,G6013,G3503,G3714,G6012,G6079,G3783,G6082,G1953,GB031,G1189,G5447,G3650,G3653,M0004,G3574,G3765,G3556,G3759,G5442,G1153,M0003,G1196,GL512,G1197,G3744,M9988,G3703,G6131,GL511,G5503,G3635,G5521,G5466,G6091,G5963,G3692,G5964,G1906,G3715,G6005,G5475,GL513,G6028,G3502,59486,GL509,G3693,G3643,G1191"
114.40,23.00,0.59,0.54,558,"G5451,G5308,G5320,G5312,G5337,G5315,G5476,G5472,G5473,G5302,59298,G5322,G5344,G1719,G5343,G5452,G5321,G5307,G5300,G5306,G5440,G5456,G5441,G5305,G1716,G5475,G5323,G1710,G5338,G5342,G5447,G5474,G5449,G5448,G5454,G5339,G5450,G1721,G5466,G5316,G5465,G5444,G5469,G5463,G1711,G5470,G1722,G5461,G5325,G5445,G6070,G5442,G5311,G5345,G1712,G5443,G5395,G1714,G5468,G5477,G5301,G5446,G5467,G1958,G5455,G5341,G5458,G5327,G5422,G1799,G3662,G6069,G5459,G5462,G5457,G5464,G6114,G1720,G5396,G1702,59297,G1798,G3633,G3520,G5460,G5340,G3516,G1797,G1733,G1991,G5394,G3657,G3646,G5471,G6068,G3539,G5963,G1959,G5439,G3795,G5326,G1930,G5310,59492,G3654,G5309,G3537,G1717,G5418,G6005,G6117,GL504,G5393,G1974,G6115,G6095,G1715,G1927,G5438,G3748,G3685,G3683,G6083,G1914,G1741,G1946,G6066,G6082,G3564,G6131,G3622,G6113,G5409,G5504,GL256,G1701,G6079,G3754,G3542,G5957,G1979,G6011,G5328,G1791,G6081,G5964,G6086,G6078,G6080,G3780,G5313,G3508,G1739,G3719,G5303,G6067,GL251,GL257,G3509,GL509,GL254,GL255,G3731,G1784,G6030,G1718,G1951,G6090,G1743,GL508,G5961,G5379,G3538,G5515,G3570,G6091,G5437,G1957,G1905,G5405,G3788,G6155,G3749,G1147,GL253,G1744,G1703,G5436,GL252,G6098,G1780,G5317,G5517,G6065,G5397,GL505,G1954,G1171,G5500,G1181,G1955,G1980,G1988,G6012,G3753,G6028,G5330,G5412,G1185,G1779,G1787,G3661,G5336,G3787,G1953,G6106,G3792,G6101,G6104,G6063,G5363,G6107,G5417,G6029,GL506,G5380,G6096,G3760,G6105,G1917,G3689,G6073,G5361,G6154,G3678,G1705,G1990,G3623,G5434,G5401,G1163,G1773,G1783,G1908,G1138,G1965,G5406,G5435,G3541,G1165,G5427,G1998,G6102,G5521,G1742,G5359,G5962,G6103,G5362,G5378,G3649,G6110,G1137,G3695,G1916,GL512,G3571,G6013,G5416,G3762,G3621,G1902,G3544,G5960,G6064,G6034,G5390,G3687,G3730,G3554,G1148,G1748,G1986,G6025,G1133,G1968,G3737,G5404,G3627,G5382,G1972,G5324,G3796,G6033,G3624,G6022,G6024,G6061,G3732,G6040,G5398,G3560,G1125,G5375,G5357,G5502,G1162,G5522,G5314,G3791,G5430,G3511,G5425,G3536,G1941,G1925,G3559,G6006,G3723,G6062,G5413,G3743,G1939,G1906,GB031,G3507,G3549,G3758,G1745,G1177,G1950,G5391,G6074,G5352,G3533,G5429,G1172,G5392,G1937,G3512,G3517,G1942,G5403,G1940,G3750,G1976,G1943,G3510,G3545,G1788,G3573,G1182,G5945,G5358,G1984,G6038,G1161,G5381,G5350,G5410,G3518,G3742,G1774,G3525,G1164,G3543,G5407,G3513,G1713,G1785,G1786,G5944,G3567,G6039,G3558,G3726,G1174,G1144,G1977,G1704,G5400,G3724,G5384,G1180,G3506,G5388,G5376,GL510,G5383,G3722,G3783,G3696,G6093,GL507,G5386,G3701,G6026,G3563,G5959,G1735,G3666,G3572,G1166,G3794,G1190,G5351,G3552,G6023,G3578,G5432,G3764,G1747,G3659,G5374,G5419,G1987,G3514,G3566,G1159,G6016,G3744,G3535,G3739,G3620,G3751,G1587,G1913,G3799,G6035,G6027,G5399,G5503,G3528,G6156,G5389,G1746,G5431,G3551,G5433,G1910,G3693,G1173,G3798,G1952,G3534,G3625,G3630,G1591,G5360,G1962,G1155,G3686,G1740,G6014,G5365,GL516,G3515,G1140,G6021,G1586,G5385,G5411,G1188,G1928,G3524,G1944,G5501,G1154,G3532,G6144,G5958,G3721,G3574,G6037,G1184,G1789,G3727,G5507,G1749,G6015,G3577,G1793,G3698,G5371,G1912,G3553,G1170,G6047,G3527,G5387,G5377,G3626,G6036,G1734,G6020,G1146,G1176,G1175,G3789,GL513,G1992,GB060,G1121,G1120,G6009,G6094,G3653,G3529,G6085,G5373,G1156,G1126,G3569,G1792,G3579,G6043,G3725,G1775,G3581,G3631,G1981,G5372,G3523,G1143,G3582,G5353,G3761,G3522,G6076,G1932,G5424,G3656,G1794,G1193,G1183,G5335,G3774,G3691,G1149,G9536,G3640,G3635,G3153,G3568,G5356,G9598,G3756,G1178,G3779,G1993,G5550,G3576,G3797,G3674,G3793,G5366,G1129,G5402"
114.40,23.60,0.59,0.54,276,"G5364,G5355,G5423,G5354,G5367,G5402,G5356,G5366,G5540,G5369,G5353,G5414,G5546,G5373,GL703,G1789,G5554,G5549,GP201,GL702,G5365,G4975,G5374,G5372,G5371,G5370,G1796,G5399,G1523,G5411,G4843,G5547,G1749,G5408,G1788,G5410,G1704,G1745,G5553,G1746,G5381,G1501,GP004,GL705,G1794,GP203,G5376,G5556,G5368,G4708,GP202,G5563,G4801,G1748,GP200,G5428,G5375,G1785,G5419,G1790,59290,GP005,G1781,G4734,G5350,G5382,G1742,G5427,G1507,GL707,G5545,G5433,G5362,G5324,G5378,G1783,G5417,G5351,G5380,G1580,G5407,G5352,G1787,G1713,G1795,G4733,G5542,GP206,G5401,G1506,G4805,G5377,G5544,G4803,GP001,G4856,G5541,G1782,G5363,G1572,G5416,G1508,G5383,G1752,G1743,G5434,G4706,G5385,GP210,G5430,GL704,G5384,G1744,GL252,GL706,GP003,G1509,GL253,G5429,G1517,G1791,G5552,G4731,G5409,G5379,G5431,GP006,G5432,G1526,G5561,GL254,G5403,G1527,G1502,G5405,G1753,GL709,GL256,G5564,G1798,GL255,GP002,GP214,G1797,G5396,G1715,G1595,59293,G9727,G1519,GL710,G1755,GP213,G5435,G5550,GL257,G5386,G1582,G5301,GP209,GP514,G5551,G5418,G1799,GP208,GL251,G1714,G4902,G1571,G1712,G5543,G3421,G1586,G9728,G5436,G4669,G1475,G1591,G4969,G1476,G5311,G3369,G5358,G1705,G5314,G1703,G9530,GL708,G5422,G4973,59297,G3150,G1588,G5310,G4822,G5359,G5360,G4658,G5413,G1516,G1711,GP211,GP510,G3148,G1528,G5425,G1063,G5395,G1084,59097,G5394,G5309,G5397,G3268,G3147,G1750,G1710,G4559,G5361,G5323,G3106,GL701,G4651,G5357,G9751,G4659,G1421,G4655,G1598,GF800,G1716,GF807,G1780,G3424,G1423,G1503,G5305,G1587,GP212,G5412,G1573,GF806,G5462,G1061,G1741,G5300,GF801,G5404,G4735,G5345,G3348,GP205,G5452,G5306,G9702,G4901,G1719,GA033,G1779,G1592,G9593,G5322,G4900,G3368,59298,G1518,G1773,G4653,G3323,G4657,G1774,G1082,G5500,G9592,G5398,GF805"
114.40,24.20,0.59,0.54,221,"G4740,GP105,G4846,G1540,GP104,GF805,G4742,G4653,G4897,GF806,G4650,GP112,G4847,G4899,G4624,G1488,G1481,G4559,G4895,G1475,G4669,G4894,G4896,G4623,GF800,GP107,G4656,GP115,59096,G1519,G1528,G4642,GP209,G9852,G1546,G4638,G1473,G1421,G4655,59097,GP106,G4657,GP113,G4748,G1542,G9853,GP114,GP111,GP103,GF801,GF802,G9851,G1548,G1476,G4893,G1517,G9854,GF604,G1486,G1541,G4845,G9855,GF807,G1499,G4641,G1543,59094,G4892,G1518,G9861,GP108,G9870,G1490,G1423,G4637,G9860,GP102,G4654,G4744,G9850,G4659,G1544,G4898,GP206,GF602,GP110,G4634,G9868,GP101,GP205,G4658,G4644,G4741,GP215,G1515,GP204,GL704,G4640,G4645,GF091,GP211,G1495,GF808,GP210,GP214,G4891,GF607,G9856,G1485,G9857,GP212,G1752,G1516,G1545,G4743,G9862,GF803,GF601,G4971,G1554,G5545,G9869,G5561,G4633,GP202,GP203,GP200,GP208,G4635,G9858,G1494,G4643,G4734,G1521,GP218,GP305,G4651,G9866,GP109,G1547,GF603,G4970,G4969,GP219,G4660,G9865,G1484,GF600,G4759,G4856,G4805,G9867,GP213,G4756,59290,G4739,G1523,G9863,G4862,GP303,G4831,G5544,G5547,GF804,G1753,G1512,GP006,G4646,G4733,GF809,G4754,GP201,G1506,G9859,G4975,G4636,G4833,G4632,G1084,G4652,G1482,G1513,G1557,GP304,G5556,G9874,G9864,G1556,GP216,GL703,G4973,G4843,G1520,G1478,G3421,G4933,G8544,G4731,G4629,G1526,G1527,G9873,GP217,GP005,G1509,G4755,G3368,G4558,G4515,GF605,G5554,GP306,G4708,G1508,G4416,G9728,G5540,G4514,G1502,59293,GP313"
114.40,24.80,0.60,0.54,171,"G4513,G1441,G1444,GF504,G4500,G1450,G4506,G4448,G4514,G4515,GF409,GF501,G4468,G4646,G1427,G4507,G4503,G4511,G1434,G1489,G4436,G4455,GF505,G9858,G1467,G4450,G4744,G4501,GF500,GP108,GF503,GF405,GP110,G4502,57996,G4416,G1469,GF412,GF502,GF094,G4637,G4508,G9857,G1443,G1494,G4464,G4509,G1432,GF400,G1422,G4891,G4662,GF507,G1451,GF408,G9855,G4434,G1544,59090,GP109,G1431,G4748,GP113,G4533,G1468,G4512,G1407,G4432,G4459,GP106,G4643,G9859,G4845,G4527,G4466,GF508,G4461,G4463,GP114,G1557,G4528,GP115,G4447,G1542,G9856,GF603,GP107,G1484,G1490,G9854,GF602,G4862,G4504,G4433,59096,G4668,G4454,G9861,G1440,G4625,GF407,GF406,G4896,G4452,G4899,G4645,G4453,G4449,G4661,G4622,GP313,G4467,G1546,G4633,G4505,GF506,G4431,G4510,G4458,GF601,GF410,G4451,G4642,G4435,G4759,G9860,G4847,GP111,G4756,GF305,G4531,GF404,G1486,G4833,G9862,GF401,G9864,G4460,G4456,G1499,G1496,G1433,G9885,G9853,G1435,G4898,G1424,G4462,G4754,GF310,G4644,59094,G4895,GF403,G1430,G4897,G1488,GP300,G4636,G9863,G9876,GP312,G4613,G4414,GF309,G4742,GF604,GP303,GF411,GP112,G9852"
114.40,25.40,0.60,0.54,77,"GF403,G1430,G4435,G4458,G4456,GF406,G4449,GF404,G4452,G4463,G4459,G4467,GF410,G4432,G1433,G1435,G1431,G4465,G1407,G4433,G4451,GF400,G4461,G1422,G4460,G4464,G4457,G4434,GF405,G9885,GF407,G4466,G4455,G4436,GF402,57996,GF401,G1434,G4468,G4425,GF411,G1432,G1427,GF408,G4450,G4423,GF412,GF409,G4443,GF306,G4424,GF507,G4462,G1419,G1443,GF311,G1453,G4505,G4511,G4509,GF504,G4413,G1496,G1441,G4513,G4447,G4414,GF302,GF301,G1450,GF500,G4520,G4507,GF506,G4522,G4508,G4503"
115.00,22.40,0.58,0.54,114,"G5510,G5415,GL511,G1706,GL502,G5335,G5523,GL503,G5519,GL513,G1824,G3668,G3628,G1735,G5506,G1114,GL510,G5503,G3673,G1119,G1124,G3769,G1734,GL516,G3632,G3625,G1122,G3582,G1134,G3674,G3629,G1116,G1127,G1118,G3652,G3735,G1818,G3665,G3656,G1859,G1194,G3638,G3613,G3666,G1140,G3626,G1115,G1826,G3640,G3624,G1813,G3637,G3724,GL512,G3670,GN007,G3655,G1117,G1159,G3660,GN040,GN008,G3533,G5521,G1154,G1126,G5502,G1821,GN033,G3725,G5336,GN006,G3741,G1808,GN009,G3755,GN012,G1830,G5602,G3525,GN011,G5690,G5317,G3566,GN010,G5330,GN013,GN005,G1866,G3563,G3511,G3642,GN004,GN016,GN014,G1718,G1172,59501,G3571,GN015,G3541,G5639,GN017,GN003,G3615,GN030,G5313,G1123,G5328,G1162,G1854,GN001,GN002,G1803"
115.00,23.00,0.59,0.54,246,"GL501,G5501,G1707,G3615,G5512,G1866,G1864,G1128,G3644,G3741,G1123,G3642,G3655,G1126,G1821,G3637,G5522,G1117,GL507,G3755,G3660,G1194,G1115,G1859,G1818,G3670,G3656,G1116,G3629,G5639,GN037,GN002,G3638,G1882,G1118,G1731,GN040,G5507,G5508,G1124,GN006,G5625,G3769,G1826,G3632,GN005,G1122,G1127,GN004,G5509,G3735,G5513,GN001,G1119,GL506,G3665,G1803,G1734,GN007,GN015,G3673,GN010,G3613,GL516,GN003,GN008,GN009,G5502,GN014,GN016,G5515,GN012,G3628,G5623,G1114,G1825,G5506,GN017,G1739,G1824,GN013,GL505,GL508,G1830,G3652,G5678,G5504,GN011,G5517,G1883,G5505,G1816,GL503,G5519,59500,G5604,GL504,G1886,GL514,G5523,G5500,GN030,G5638,G5521,G1813,59492,GL512,GL513,G1858,G5503,GL509,G1863,GL502,G1733,G1587,G5520,G5511,G1730,G5637,GN036,G5601,G1596,G5516,G5602,G5642,G5605,G1828,G1592,G1814,G5603,GN039,G5336,G1872,G5313,G1817,G1820,G1854,G5455,GL510,GL511,G5314,G5622,GN038,G1706,G1598,GN022,59501,G5461,GN021,G5444,G5309,G1722,G1703,GN033,GN019,GN020,G5462,GL515,G5317,G1591,G5690,GN031,G5450,GN018,G1586,G1573,G5454,G5345,G1823,G5442,G1735,G5310,GN024,G5640,G1827,G1807,G1881,G4900,G5616,G1588,G5449,GN023,G1819,G5624,G5477,GN032,GN041,G5466,G5328,G5456,G1815,G1718,GN047,G5415,G5510,G5335,G1594,G5641,GP506,G1865,G5440,G1847,G5344,GP513,G1585,G5307,G5614,G1715,G5447,G5330,GP500,G5628,G4822,GN046,GN034,G1808,G1805,G5459,G1822,G5379,G1701,G1578,G1575,GP002,G1593,G1835,G1711,G5315,GP507,G5308,G5692,G5306,G5458,G1873,G5465,G1717,G1834,G5445,G3624,G4902,G1791,G5311,G5312,G1801,GN028,G5620"
115.00,23.60,0.59,0.54,201,"G1597,G4901,GP508,GP509,G1576,GP505,GP507,G1581,G1578,G1594,G4824,59304,GP514,GP510,G1589,G1595,G1582,G4822,G4902,G1570,GP506,G1571,G4736,G4900,G1505,GP504,GP503,GP500,G1573,G4735,G4825,GP002,G1588,G4821,G1596,GP513,GP003,G1598,GP001,G1592,G1503,59293,G1504,G4706,G1502,G1574,G4803,G1572,G1580,G1795,GP502,G1525,G1527,GL514,G1507,G1526,G1509,G1782,G1508,G1586,G4973,G4974,G4731,G1591,G1781,G1790,GP221,G4737,G1583,G4801,G5377,G1510,G5428,G1587,G1501,GP006,G1593,GP004,G4972,GP213,GP512,G1577,GP511,GP501,GP005,G5368,G1524,G1506,G5513,G1584,G4708,G1794,G4968,G4733,G4969,G4957,G5408,G5511,G5351,G1585,G1569,G1731,GP208,G5508,G1643,G5314,G5370,G4856,G1713,G4805,G4925,G5505,G5419,G1522,G5407,G1642,G5507,G4927,G1796,GP207,G1749,G1746,G1516,GP400,GP222,G5352,G4940,GP217,G1647,G1511,G1575,G5350,G5372,G4843,G1512,G5411,G5129,GP212,GP214,G5369,G5376,G1565,GP218,G4956,G1521,GP211,G5371,G4828,G4713,GP216,G5414,G1564,G4734,G4926,G5041,G5324,G5399,G1789,GP210,G1704,G5158,G5516,G1703,GP205,G4935,G5373,G1730,GL515,G1514,GL507,GP204,G1513,G5375,G5509,G5520,G4934,G4975,G5410,G5500,G5378,G4958,GM402,GP220,G4920,GP200,G5366,G5379,G1707,G4938,G5374,G5354,G5512,G1537,G1861,G1518,GM408,GP408,GP219,GN039,G5637,G5692"
115.00,24.20,0.59,0.54,239,"G4752,GP306,G1520,GP314,GP220,G1556,GP304,G4858,G1514,G4751,G4920,G4859,G1513,G4739,G1536,G4970,G1547,GP219,GP216,G4933,G1553,G1552,G1545,G4758,GP217,GP309,GP222,GP207,G4855,G1522,GP308,G4919,G4971,G4743,G1511,G4755,GP305,G1512,G4958,G4741,GP101,GP445,G4968,GP215,G1564,G4710,G4835,G4956,G1515,G4750,G1554,G4972,G1521,GP218,G4854,G4831,G4837,G4715,G4718,G1524,G4918,GP444,G1559,G4892,G1543,G1541,GP102,59107,G4814,GP221,G1531,59099,G4836,GP303,G4915,GP302,GP204,G1548,G4926,G1535,GP448,G4925,G4957,G4754,GP103,G4861,G4938,G4852,G1551,G1518,G4893,G4841,G4753,G4839,G4898,GP212,GP205,G4860,G1504,G4921,G1555,G4928,G4941,GP449,G4711,G4756,G4833,G1510,GP453,G4832,G4759,GP424,GP460,G4713,G4934,G1567,G4955,GP301,G4974,GP452,G4952,G4939,G1516,GP211,GP300,G4937,G1558,G1537,G4910,G4927,G4953,G1503,G4916,G4894,G4712,G4935,G1568,G4959,G4911,GP111,G4969,G4811,GP307,G4973,G4924,GP408,G4923,G4757,G4862,G1563,G4735,GP208,GP313,G4895,G1565,G4909,G1550,GP213,G4863,G1611,G1525,G4736,G1561,G1505,GP112,G4940,G4936,G4717,G1557,G4650,GP400,GP456,G1528,GP310,GP214,G1546,G4922,G4929,GP311,G1532,G1590,GP109,G4913,G1534,G4951,G4838,GP312,G4840,GP006,59293,G4845,G1527,GM410,G1544,G4907,G1526,G4737,G4847,G4891,GP476,G1502,G4912,GP510,G4731,GP114,G4954,GP481,G4896,59096,G1530,G4714,G4917,GP468,GM255,G1576,GP209,G1509,GP505,G4914,G4812,G1562,GP440,GP210,GM405,G1571,G4825,GP480,G4815,GP509,G4856,G4740,G4742,GP110,G4903,G5041,G4805,G4947,GF805,G1566"
115.00,24.80,0.60,0.54,96,"GP312,GP311,G1590,G1550,G4757,GP307,GP310,G4903,GP300,G1538,G4832,GP301,G4904,GP313,G1558,G4861,G4863,G4753,G1551,G4817,GP480,G4815,GP302,G4942,G1557,G4860,G4719,59099,G4906,G4833,G1559,G4813,G1530,G4862,G4838,G4754,G4816,G4910,G4756,G1555,G4852,G4759,G4854,GP109,GP303,GP481,G4909,G4755,GP460,GP476,G4905,G1560,G4831,GP308,G4758,G4750,G1566,G4908,G4912,G1567,G1552,GF408,G4933,G4891,G4947,G4943,G1432,G4944,G4946,G4945,G4911,G4915,G4855,G4839,G1554,GP309,G1544,GP305,GF407,GP444,G4898,G4811,G4714,GP445,G4858,GP110,G4751,G9885,GF402,GP314,G1531,GP304,G4845,G4913,G4743,GP448"
115.60,23.00,0.59,0.54,300,"G5626,G1873,59502,G5607,G1892,GN046,G1832,G1835,GN048,G1847,GN041,G5624,G1841,G5635,GN047,G1868,G1834,G1848,G1836,G5628,GN025,G1827,GN044,GN023,G1870,GN024,GN026,G1822,G1815,G1880,GN053,G5632,G5608,G1881,G5640,GN019,GN018,GN022,GN020,G5641,G1843,G1875,G1849,G5643,GN021,G1872,G1820,GN031,G1885,GN052,G1856,G1845,GN049,G1828,G1853,G5605,G1819,GN034,G5668,G5667,G5636,G1817,G1865,G1844,G5620,GN051,G5622,G5642,G1807,G1823,G5679,GN032,G5672,G5673,G1876,GN045,G5613,G1886,G5638,G5629,G1879,G1863,GN028,G5603,59500,G8906,G9013,G1851,GN036,G1838,G1805,G1840,G5614,G5616,G1804,GN038,G1814,G5601,GN039,G1801,G2902,G1854,G5669,G5666,G1894,G5637,G1883,G5604,G1806,G5631,G5678,G1816,G8908,GN029,G1858,GN050,G1842,G5692,59501,G1869,G1850,G1802,G1893,G1825,GN043,G5623,G5680,G5618,GV213,GL515,G1884,G5520,G5670,G5671,GN027,G5690,GN054,GN030,G5615,G9011,G1810,G2954,G1730,G5516,G5602,GN033,G5689,G5686,G1811,G8955,G1874,G1860,G2981,G1808,G5625,GV001,G2952,GN017,G5633,G8902,GN035,G1861,G8944,GV014,G1878,G1877,GN037,GN011,G1803,GN003,G1882,G8901,GN013,GN001,GN016,GN014,G1830,GV204,G1837,GN015,G8919,G1813,G1852,G1575,GN012,G5509,G5630,GN010,GN004,GN002,GN009,GV011,GV010,G4828,G8948,G5158,GN042,GN005,G2972,GN008,G5639,G2948,G2967,GN055,G8904,G9014,G8941,G1585,GN007,GN056,GN006,G2945,GV312,G5511,G8931,G5505,GV015,G5634,G1128,G3652,GN040,G8943,G8925,G3644,G1862,G3613,GV212,G2951,G8958,G9019,G2975,G1123,G2935,G8942,G8959,G1826,G1864,GV209,G1593,G3665,G3755,G8909,G1833,G2960,G2932,G3642,G2976,GV313,GV314,G2980,G3670,G3735,GV214,G8923,G8952,G5129,GV306,G3660,G2939,G8918,GV009,G5611,G1569,G8907,G1127,59503,G9012,G3638,GP511,G9031,59306,G1821,G5512,G1117,G8934,G8905,GV301,G8936,G2974,G1122,G9018,G8933,G3615,GV310,G1118,G3741,G2973,G2968,G3632,G2955,G1115,G2934,GV305,G1707,G1642,G2940,GP512,G5508,GL501,G5612"
115.60,23.60,0.59,0.54,246,"G1614,GM403,GM402,G1648,G1647,G1646,GM408,G8923,GV314,G1862,G1642,G2932,G1613,G5129,G8935,GN056,G1577,G1584,GN055,GP501,GM409,G8926,GP512,G1569,G1852,G8933,G8936,GV309,G2935,GM407,G2933,G2967,G5158,G1615,G1610,GV312,GP511,G1874,G1861,G1583,G1643,GV306,G5131,GP502,GV310,G5128,G4828,G2939,59306,G5630,G5615,G2966,G5041,G1860,G8921,GN050,G1802,GN054,G1612,G8932,GV313,GM404,G1593,G1575,G1574,G1661,GV317,G2931,GN035,G1850,G2968,G5148,G2960,G4821,G1585,G8925,G1649,59303,G5692,G5224,G8931,G5613,G1876,G1851,G4737,G8934,GP504,G1640,G5040,G2963,GV305,G1884,G5679,GP503,GM405,GM760,G2936,GV316,G2964,G8929,GN051,G4825,GV303,G1644,G5130,G8918,G5614,G5629,GP400,GV301,G8927,G1570,GM406,G4940,G1589,GV304,G9014,G8909,GP513,G8902,G2937,G5042,59304,G5139,G1565,G1609,G4824,G8922,G1641,GN052,G1885,G4929,GP500,G1525,G1856,G2934,G1853,G8906,GV213,GV308,GV209,G8904,G9013,G2930,GL515,GM410,G2940,G1865,G2980,G4927,G2962,G2961,G4936,GN053,G4935,G2981,G1823,G5125,G1581,GP408,G1875,GV315,G1645,G8924,G4713,G1632,GV307,GN038,G1848,GM752,G2902,G1537,G5516,G8965,G5511,G4974,G1841,G5641,GN039,GP506,G4934,G4937,G5157,GP508,G4712,G1510,G2938,G1730,GP507,G5628,G8905,GM758,GP505,G1578,G2945,G2982,G5520,G2965,GV302,G1568,G2926,G1663,G1634,G2903,G5637,G1611,G1815,G9019,GM261,GV206,G1505,GM401,G4925,G8908,GM759,G1870,G5113,G5106,G8914,GV311,G4957,G5156,G8928,G1638,G4928,GN036,G1594,GV217,G8964,G5044,G2997,G1832,G1597,G4938,G4939,G1881,G5505,G4926,G5011,G4907,GN048,G5642,G1858,G8907,G1835,G5632"
115.60,24.20,0.59,0.54,257,"59109,GM255,G4954,G5102,G4812,GM253,GM401,G4840,G5110,GP440,G1630,G4907,G1532,G4922,G5126,G1534,GP456,GM260,G1645,G1633,G5101,G4917,G1635,GM254,G1634,G5109,G5127,G4923,GP468,G1636,G1563,G4951,G5124,G4953,G5113,G1611,G4924,G5105,G1562,GP452,GM257,G4955,GM256,GM410,G4952,G5111,GP453,G4717,G4916,G4950,G5103,G1609,G5100,G1638,G5108,G1568,GP424,G4939,G4841,GM406,G4921,G4936,G4941,GM251,G4914,G1640,GM252,G4712,G1561,G4949,GM102,G1535,G4959,G5040,GP449,GM405,G1637,G4948,G1533,G4929,GP408,G4937,G5009,G4913,G5106,G1537,GM258,G4711,G4928,G4836,G1631,G5224,G4918,G1644,G4811,59107,G4934,GP448,G4814,G5104,G4938,G4935,G1649,59303,G4710,G4714,G4835,G5021,G5107,GM101,GM262,GM551,G1531,G4718,G4715,G4911,GM104,G5128,G4837,G1632,G5212,G4839,G5008,G1565,G4713,G1623,G1626,G4926,G1604,G4919,G5020,G5148,G5041,GM109,G4940,G1567,GP444,G4915,GP400,G5120,GM116,G5003,G4912,G5132,GP445,G4947,G4927,G4958,G1615,G5042,G1625,G1553,GP460,G1683,G4909,G4946,G4945,GM115,GP476,G1564,G5131,GM259,G1566,G4956,G1681,G1695,G4925,GP481,G1536,G1612,G5221,G1690,G5213,G1613,59117,G4910,G5204,59106,G1555,GM409,G1627,G4852,G1629,GP309,G4855,G4838,GM261,G4957,G4750,GM557,G5219,G4908,G1643,G4859,G4943,G1694,G5130,G1696,G1530,G1511,G1602,G1692,G1686,GM408,G1605,G1601,G4920,G4737,G1510,G5135,G5125,G1603,G1608,GM110,GM005,GM407,GM107,G1552,G4854,G5222,G4751,G1600,GM108,G1641,G5156,GM404,G4816,G1682,G5209,GM106,G1524,GP222,G1646,G1525,G4974,G5005,G1607,G1610,GM402,G4858,G4944,G4863,G1560,G4815,G5218,G4860,G1699,GP207,GP480,GM003,GM760,G4942,GP308,G1558,G1583,GP314,G5208"
115.60,24.80,0.60,0.54,133,"G4944,G4905,G1560,G4943,GM259,G1684,G5123,G5208,G4906,GM553,G4908,G4813,G4719,G1682,G5122,G5133,G4816,G5214,G4945,G4946,GM554,G4817,G5058,G1680,G1566,G5107,G4947,G5219,G4942,G4904,G1683,G5211,G4815,GP480,G5212,GM555,GM258,GP481,G1530,GP476,G4912,G1538,G5217,G4714,G1687,G4948,G1685,59106,G5206,G5204,G1533,G4949,G5120,G5059,G1696,G4838,G5218,GM262,G5104,G5132,G4903,G5210,G5100,G1637,G4914,GM557,G5221,GM552,GM551,G4950,G1688,G5220,GM104,G4909,G4913,GM257,G5108,G5207,GM556,G5008,G5209,G5121,G4863,G1562,G1686,G4911,GM658,G4910,G1561,G4811,G5009,G1681,GP460,G1567,G4717,GP468,GP310,G5101,G5127,G5032,GM653,GM102,G4959,GM256,G1558,G4917,G4951,G1555,G1590,G5213,G1672,G5031,G5137,GM101,G4852,G4839,GP440,G5124,G4711,G4916,G5033,G1676,GP301,G4860,G1674,GP311,GM652,G5036,G1678,G1534,G1626,GM651,G4915"
116.20,23.00,0.59,0.54,262,"GV004,G2955,G9041,G9040,G9031,GV003,G2973,G2977,G8952,GV000,G2974,G9042,G2976,G8954,G8942,G9043,59317,G2959,G8959,G2904,G8947,G8943,GV015,GV009,G8949,G5612,G9032,G8941,G2970,GV005,G2951,G8945,G2978,G8948,G1833,GV002,GV011,G2972,G1379,G8953,G2953,G2975,G8956,59511,G1372,G5634,G8915,G8958,GV014,GV010,G2948,G8944,G5611,G2957,59503,GV001,G8955,GV012,GN042,G2971,GV211,G2952,G5633,G2954,G2944,GV007,GD702,GV006,G9020,G5680,G1893,G1378,G1806,GV008,G2987,G1371,GV204,G8919,G8910,G9012,G1342,G2983,G9018,GV201,GV210,G8901,GV214,GV212,G1842,G1840,G8951,G8946,G2956,GD701,G1894,GV013,G1837,G1838,G9011,G8907,G1869,G2943,G2950,G9044,G2942,G1373,G2949,G1877,G1878,G9016,G9019,GV205,G9015,G2945,G5631,G1377,GV203,G1376,G1374,G8957,GV218,GV207,GN043,G1844,G8908,G8903,G4146,G8905,G8917,G1347,GV217,GN045,G4111,G1317,G1346,G2947,G4147,G8911,GV206,G2982,G1341,GV215,GN049,GD402,G2981,G1849,G8914,G2902,G8916,G2946,G1375,GV202,GV216,G1845,G8904,G1804,G2980,G2984,GV209,59314,G8913,G5608,GD405,G2941,G1340,G5670,G5671,GV213,G2940,G1344,GN026,G9017,GD409,GV302,G5636,GD408,GN025,GV307,GD410,G9014,G5632,G8902,G1836,G8909,GD404,G9013,GN044,G2934,G8900,G5668,G5667,G1318,G8906,GV311,GV208,G2903,G5635,GD403,G2965,G2986,G2961,G8924,G8918,G4141,GV301,G1870,G1343,GD401,59318,GD407,G8931,G1348,G1843,G5643,G4148,G8925,G9021,GV304,G1345,G8934,G1875,G1884,G2936,G9022,G2985,G2960,GV303,G8928,GV305,GV315,G1332,G5629,GN048,GN035,G2962,G2937,59502,GD201,G1316,G2938,GV313,G2906,G1892,G1853,G8969,G1868,GV219,G5607,G8912,G2968,G9000,G2912,G2910,G1832,G8922,G8964,GV308,GV317,GV103,GD406,G1386,G8967"
116.20,23.60,0.59,0.54,382,"G2927,G2992,G2997,G2921,G9002,G2926,G2922,G1663,G8964,G8961,G2925,GM752,G2924,GV103,GV104,G8965,GV219,GM759,G8912,GV105,G5044,G8962,G9022,G9001,G2928,G2913,G8928,G2938,G9021,G2985,G2930,G2912,G5012,G8960,G2905,GV101,G2908,G2993,G5019,G9003,GV208,GV308,GV315,G2909,G2901,G5015,GV102,G8900,G2962,GV311,G5140,59310,G8927,G2965,G2903,G2986,G8922,G2906,G2907,59315,G8929,GV316,G2998,G8967,G2964,G5157,G2941,G8924,GM751,G8963,G2963,G5016,59314,GV106,GV302,G8913,G2937,G5043,G5045,G4148,G2961,G5037,G8916,GV202,G2946,G5139,G1345,G2984,GV307,G9017,G5011,G2911,G2910,G2929,G8932,G8911,G8966,GV304,GV107,GV216,G2931,G8914,G1661,G8917,GV215,G8903,G8921,GD406,G2966,GV303,G2994,G2947,GV206,GD405,G2820,GV207,GU029,G2982,GV218,G1316,GD403,G2923,G2940,GM761,G2936,G2934,GV217,G2991,G8968,GM758,GV317,GV305,GM760,GD404,G5142,GV203,G9015,G8969,G2990,GV301,GM756,G2943,G2819,GV205,G1340,GU027,G2942,G2968,G1347,GU005,G2949,G4146,G4147,GU007,G1641,G8934,G9016,GU001,G8905,GU012,G8918,G2812,GV201,G1376,G2933,G5125,GV309,GV210,G9004,GU006,G2980,G1662,G2827,G2983,GM404,G8910,GD402,G8909,G2987,GV209,G5017,G5156,GV310,G1348,G1660,G2960,GU030,G2920,G5130,59306,G2813,G2824,GV313,GU018,G1664,G8926,G8907,G9018,GD409,G2826,GU002,GU011,G2939,G2806,G9020,G1610,G1373,GU009,G9012,GU008,G2810,G1378,GV306,G2944,G8925,G2811,GV214,GU035,G9019,G8933,GU020,G8936,GD408,G2805,GU014,G1341,GU032,GV211,G2884,G8931,GM261,G9014,G9000,G2825,G1667,G8904,G5013,GM407,G2882,GV212,G8935,G1317,G1342,G2945,G1612,GU022,G2821,G2887,GU013,GU015,G1343,G2829,G5042,G8915,G2807,G2801,G1666,G2880,GU036,GD702,G1346,G1382,G2935,GU000,GM762,G2953,GU021,G8953,GU039,G2808,GU038,G1383,59318,GU016,GU017,G1374,GU023,G1302,GV312,GU019,G1648,G2823,GM757,GU004,G8902,G5131,G2816,G2817,59312,GU033,G5138,G5148,G2981,GD701,G8958,G5630,GD510,G2818,G2970,GD505,GD410,GN035,GM409,G1355,G5010,G1632,G2932,G2828,G4141,G8919,G8923,G8949,G2967,GM110,GD509,G1646,G5003,G1324,G1351,GV314,G1377,G2975,G8901,59316,G5141,GU025,GV204,G1323,G5018,G1318,G1379,GU003,G1385,59319,GU010,GD504,GM754,G1386,GV213,GM403,G4190,GM764,G1308,G2948,GU026,G5143,G1615,GD511,G1625,G1306,G2802,G4111,G1884,59303,GD201,G1860,GU024,G1649,GU028,G1375,G2885,G1644,G2822,G1668,GU037,GD407,GV010,G9011,GV000,G1371,G1305,G1358,G1321,G2902,G1359,GM115,G8954,G9032,G2886,G8908,G1614,G2814"
116.20,24.20,0.59,0.54,257,"GM004,GM003,GM005,G1606,G1608,G1607,G1605,G1603,G5001,GM002,GM764,GM754,GM001,G5135,G1627,G1692,G1601,G5222,G1629,GM755,GM006,GM110,59117,G1600,GM883,GM882,G1694,G1695,G1602,G5010,GM762,GM116,GM115,G5002,GM106,GM757,G1699,G5020,G5018,G1604,G5134,GM109,G1625,G5022,G5013,G1623,GM105,G1655,G5014,G1620,G1690,G1664,G5143,G1622,GM107,G1660,G1631,GM108,G5026,G5003,G5021,G5017,G1666,G5005,G1668,G1618,G1628,G1626,GM887,G1619,G1617,G5028,GM252,G5004,GM886,G1662,GM894,G5023,GM654,GM261,G1665,G5156,G5213,G5142,G5052,GM891,GM101,G1671,GM885,G5053,G5138,G5047,G5106,GM251,GM761,G5111,G5103,G1624,G1632,G1681,GM112,GM119,GM758,G5031,GM900,G1638,G5105,GM111,G1667,G1691,G5125,G5037,GM113,G5036,G5011,G5045,G5144,G1636,GM102,G1651,G5030,G5009,G5034,GM899,G1686,G1653,G1676,GM656,G5043,G5016,G5008,GM254,G5042,G5201,GM655,G5006,GM896,GM260,G5141,G5147,GM751,GM121,G5109,GM651,G1657,G5209,G5124,G5113,GM256,G1641,G1635,GM652,GM104,59310,G5140,G5221,G5032,GM753,GM557,G1633,G5126,G5015,G5157,GM884,GM658,GM551,G1673,G5130,G5132,59114,G1678,G5048,GM756,G5137,G5019,G1697,G5024,G1634,GM898,GM653,G5110,G1630,G1696,G5120,G5204,GM262,G2814,GM114,G1644,59106,G5012,GM763,GM253,GM881,G5104,G5218,GM120,G2817,GM760,G5139,G8960,G2811,G5007,59116,G1652,G5148,G5102,GU000,G2993,G5033,GM552,G5049,G5145,G1637,G5050,G9001,GM103,G5108,59303,GU031,G1649,G2815,G1609,G5155,G5205,G5044,G1612,GM893,G1672,G2880,G5127,GU002,G5121,G1683,GM406,G5224,GM404,G2820,GU034,GM118,G5212,GM759,G5136,G5219,G2802,G5054,G1685,GU067,59109,G2838,G8962,G8961,GU036,G1677,GU027,GM888,GM892"
116.20,24.80,0.60,0.54,134,"G5035,G1674,G1675,G5136,G5033,G1672,G1677,GM556,GM657,G1670,G1678,59114,G1673,G5220,G5137,G5207,G1688,GM659,GM653,G5000,G5210,GM652,G5121,GM651,G5059,GM655,GM656,G5032,G5034,G1676,GM117,G5030,GM555,G1691,GM103,G5036,G1687,G5206,GM658,GM552,G5006,G5217,G1685,G5007,G5211,GM111,G5058,G5031,G1671,GM554,GM114,G5218,G5004,G5214,GM654,G1680,G5133,G5209,GM553,GM120,GM121,G5028,G1686,GM113,GM112,G1624,G5122,G1696,GM557,GM119,G1684,G5123,G5005,GM118,G5208,G5204,59106,GM108,GM105,G5221,GM107,G1682,G5219,G5024,G1681,G5213,G1622,GM893,G5134,G5023,G1619,G1699,G5132,G1617,G1683,G5002,GM886,G1618,GM106,G5046,GM892,G5120,G1620,GM896,G1628,G1690,G5050,G5008,GM006,G1600,GM104,G1602,GM551,G5047,GM262,G1626,G5022,G5212,G1694,G5222,GM101,G5104,G1651,G5001,GM001,G5135,G1601,G1654,G5201,G5049,G1692,G5009,59117,G1695"
116.80,23.00,0.59,0.54,141,"G1399,59513,G8957,GD401,G2950,G1344,GV013,G9044,G8946,G2956,G1334,G8951,G1332,GD407,GV008,G1375,G4111,GV006,GD201,G1318,GV007,G1327,G1328,59512,GD410,G1305,G4141,G1371,G1326,G1377,GV012,G2957,G2971,G1386,G4190,G1385,G1307,G1329,G1306,59318,G8956,GD701,G1374,G1325,G1346,G1320,59511,59316,G1343,G4102,G4101,G1372,G2978,GV002,G1322,G1302,G1310,G1317,GV005,G1309,G1323,G1311,GD408,G1341,G1319,G8945,G1308,G1382,G8947,G2904,G9000,G1383,G1321,GD409,GD512,G9032,G1358,59311,GD601,G1379,G1342,59317,G4163,GD702,G1361,G1365,G4158,G4157,G2959,G1324,G4161,G4162,G1348,GD507,G1373,GU039,59324,GD508,GD402,GU033,G1359,G2977,G2823,GU016,G1363,G1352,G8954,G2920,GD604,GV003,G1340,G1378,G1357,G4147,G2801,G1367,59325,GD602,G1376,59319,G9043,GD404,G4146,G1347,GU011,GU014,G4191,G1355,GD513,G1313,G1312,G8969,G9042,G4154,G4155,G2970,GV004,G1354,GD403,GD511,G9004"
116.80,23.60,0.59,0.54,319,"G1331,GD502,GD503,GU037,GD501,G2822,G1356,GU010,GD504,GD506,GU052,GU026,GD513,G1353,G1351,G1354,GD509,G2828,GD511,GD505,G1357,G2885,G1352,GU025,GD510,GU017,59319,GU038,G1355,G4154,G4155,G4153,G4152,GU019,59312,GU062,G2808,G2832,G1359,GD508,G2845,GD507,G2821,G2858,G2829,GU024,GU072,G2867,G4157,G4158,GU057,G2834,GU015,G1358,GD512,GU023,G1321,G2869,G2868,G2887,GU021,G2843,G2825,G1324,G2884,G2807,G2841,GU058,G2882,GU033,G1319,GU008,G2801,GU022,G2823,G1311,GU016,GU059,G2842,GU009,GU035,G2806,G2805,G1308,G1309,GU020,GU032,G2870,G2826,G1310,G2844,G2860,G4163,GU039,GU030,G2816,G4102,G4101,GU018,G1322,G2824,GU056,G2859,G2854,G1323,G2873,59313,GU014,GD601,G1320,G2813,G1325,G1361,GU061,G1383,GU013,G2812,G4162,G4161,G2827,GU011,G1307,G1329,GU007,GU064,GU060,59316,GU028,G1382,GU065,G2840,GU012,GU003,59311,GU068,G1326,G1306,G2810,GU006,G2886,GU001,GU005,G2861,G2990,G1328,G1327,G2837,G9004,G2847,G2835,59512,G8968,G2831,G2923,59324,GU004,G2818,G2920,G1302,G1365,GU036,GU066,G2819,G4190,G2994,GU051,G1305,G1385,G2846,G2889,G1386,G9000,GD604,GU029,GD602,GV107,G2991,G2853,G2929,GU027,G4191,G1364,G2880,GU002,GU074,G2802,G2875,G2803,GD603,G2857,GU073,G1334,GU000,G2872,G2836,G2848,G8966,G2811,G1314,G1315,G2849,G8969,GD406,GD201,G2817,G2911,G1363,G2850,GV106,G2820,G1313,G1312,G1316,59318,G1348,G1343,G8963,GU071,G2815,59513,G2998,GU034,G2910,59325,G1367,G1332,59315,G4141,G1399,GU070,G2907,GD407,GU031,G2804,GV102,GM756,G2814,G2901,G8967,GU069,GU055,G1318,GD408,GD409,G1345,GD410,GD403,G2909,G5141,GD404,GD401,G2905,G9003,G4148,G2908,GM763,G2906,GV101,G2830,G1340,G2928,G1667,G2838,G1341,GV105,G2913,G1344,G2851,G1346,GD402,GM753,G1317,GD405,G2912,G1375,GV104,G2924,G9017,G2993,G8962,G4147,G2925,G5138,G4111,GV103,G1374,G9002,G2986,G2855,G1347,G1377,GU067,G8912,G1657,G4146,G2833,G8960,GV216,G8961,GV219,G2984,GM751,G9001,GV215,G1376,G2985,G2927,G2871,G5043,G2922,G2947,G1373,G8913,GU053,GD701,GU054,GU063,G2921,GM761"
116.80,24.20,0.59,0.54,166,"G5057,G5145,G5051,GU063,G5027,G5155,G5205,G5055,GM888,G1652,GM898,G2855,GU067,G5048,G5054,G1650,G2871,G2833,G2852,GU053,G5152,GU054,G1653,GM899,G2851,G5144,G2838,59116,GM895,GM889,G1657,G1697,GM881,G5147,G5146,GM900,G2830,GU055,GM753,G2804,G5056,GM763,G5052,GM891,GM897,GM894,GM884,GU031,G2850,GU069,GM887,GU034,G1665,GM885,GM890,GU073,G2814,GU070,G5201,G5053,G2857,G1658,G5026,G2815,GU074,G2849,G1651,G5049,G2889,GU071,G5200,G2848,G5141,G5014,G1655,G1654,G5047,G2802,G1668,G2837,G2831,G2886,G5138,GM896,G2817,GU064,G5143,G5050,GU028,GU061,GU003,G2818,G2854,GM886,GU000,G1628,G2853,GM883,GU004,G2880,GM892,GM882,G2840,G1617,G5022,GM755,G1618,GU051,G1667,G5023,G5024,G1619,G5018,GU036,GM893,G1666,G1620,G5046,G1656,G2811,GM119,G2816,GU065,GM002,G2843,G5010,G2858,GM118,G2859,GU024,GU002,GM112,G1624,GM113,GU013,GM121,G1622,G2847,GM757,GU058,GM120,G2810,GM001,GU059,G1606,G2832,GU023,G5002,G2841,GM756,G2885,GU021,GU072,G2807,GM114,G1662,GU022,G5028,GU068,GU025,GU062,G5134,GU052,GU027,59313,59312"
117.40,23.60,0.59,0.54,74,"G2872,G2836,G2803,G2875,G2846,GU066,GD603,G2835,G1315,G1314,G1364,G2861,G1313,G1312,59325,G1367,G4191,GU060,G1363,GD602,GD604,G2873,GU068,GU056,59313,59324,G2860,G2844,G2847,G2870,G1365,G2868,G2869,G2842,GU057,GU065,59311,G4162,G4161,G2834,G2845,GU051,G2867,G2841,G1361,GU059,G2859,G2853,GD601,GU072,G4152,G4153,GU058,G4163,G2840,GU062,G4154,G4155,G1353,G2832,GD506,G2843,G4158,G4157,GU071,G1354,G2848,G1356,GD512,G1309,G2831,G2858,G1331,GD501"
