year,month,EXTREME_TYPE1,EXTREME_TYPE2,EXTREME_TYPE3,EXTREME_TYPE4,EXTREME_TYPE5,FALSE,SUSPECT,NORMAL,RECORDS_GE20
2003,1,0,0,0,1,0,15,14,100640,16
2003,2,2,1,0,0,0,7,21,102589,10
2003,3,42,0,1,1,3,44,73,156944,58
2003,4,96,0,0,1,2,74,147,147798,170
2003,5,318,2,4,7,4,10,373,173497,487
2003,6,436,7,3,6,5,19,555,155059,668
2003,7,119,0,1,1,0,8,295,160336,111
2003,8,471,12,7,3,8,11,649,156351,531
2003,9,232,3,2,3,3,9,374,152742,407
2003,10,46,0,1,0,0,3,57,157060,27
2003,11,19,0,0,0,1,0,62,175196,2
2003,12,0,0,0,0,0,0,3,187448,0
2004,1,5,0,1,1,3,21,26,205459,26
2004,2,3,0,0,0,0,15,26,194651,15
2004,3,24,1,0,0,0,59,74,184618,114
2004,4,181,5,2,3,0,3,219,193626,249
2004,5,390,2,2,1,7,7,399,215672,608
2004,6,295,2,4,4,2,25,436,165961,308
2004,7,536,6,4,6,10,11,790,202961,464
2004,8,484,2,7,11,12,27,790,209377,452
2004,9,312,2,4,0,4,7,496,221203,269
2004,10,10,0,0,0,0,21,27,230269,28
2004,11,16,0,0,0,1,1,54,222559,13
2004,12,0,0,0,0,0,0,1,214339,0
2005,1,1,0,0,0,0,0,4,292003,0
2005,2,36,0,0,2,1,1,83,243286,31
2005,3,130,1,0,1,0,5,186,266141,118
2005,4,231,2,1,2,2,2,284,293057,326
2005,5,814,5,6,1,6,9,780,284134,1182
2005,6,1081,9,7,6,10,11,1222,257282,1479
2005,7,338,8,2,2,7,16,540,198723,277
2005,8,1103,8,11,10,12,21,1199,294685,830
2005,9,547,4,3,3,5,9,658,285114,338
2005,10,52,0,1,0,0,5,105,310616,36
2005,11,46,1,0,0,0,4,100,293831,32
2005,12,0,0,0,0,0,2,6,305204,2
2006,1,0,0,0,0,1,1,7,42773,2
2006,2,8,0,0,0,0,6,8,39234,6
2006,3,10,0,0,0,0,1,15,46500,14
2006,4,279,1,1,0,0,3,190,219581,314
2006,5,497,4,5,2,1,11,382,230832,1062
2006,6,1046,9,5,7,9,20,819,263560,1643
2006,7,760,10,11,6,6,27,807,269331,1023
2006,8,701,6,7,4,4,21,754,265296,617
2006,9,663,1,3,2,1,4,343,296392,432
2006,10,221,2,2,0,4,11,250,289108,152
2006,11,120,2,1,2,1,4,160,269831,166
2006,12,24,0,0,0,0,1,32,382173,3
2007,1,7,0,0,0,0,3,30,447547,3
2007,2,87,1,1,0,0,29,116,400304,44
2007,3,127,0,0,1,1,24,177,453640,85
2007,4,357,0,2,4,0,4,215,432641,1102
2007,5,833,1,2,2,7,12,578,453299,735
2007,6,2158,9,9,4,7,21,1506,396084,1798
2007,7,896,4,0,2,2,20,816,454702,203
2007,8,2246,15,10,5,5,13,1302,469599,1553
2007,9,1086,5,4,5,1,15,740,440396,608
2007,10,70,3,2,1,1,4,130,503345,28
2007,11,26,0,0,1,0,1,35,489571,2
2007,12,13,0,0,0,0,1,36,462308,1
2008,1,55,1,0,0,2,12,61,646256,22
2008,2,19,0,0,0,0,19,36,611386,19
2008,3,97,2,0,0,0,1,118,673048,138
2008,4,508,1,3,0,2,3,350,656157,891
2008,5,2196,5,6,8,9,12,1117,690653,1342
2008,6,3741,17,12,7,7,11,2013,663059,5795
2008,7,3126,11,8,5,7,23,1643,693485,1802
2008,8,1679,6,5,7,4,29,993,701352,1025
2008,9,2253,7,5,6,8,12,1176,677425,1232
2008,10,446,0,3,4,1,5,203,725792,670
2008,11,478,2,0,3,0,1,183,710025,220
2008,12,34,0,0,0,0,10,45,756828,12
2009,1,2,0,0,0,0,2,18,897344,2
2009,2,1,0,0,0,0,3,30,838185,3
2009,3,789,2,0,1,1,6,360,968685,953
2009,4,776,3,0,2,6,9,416,942673,981
2009,5,3256,5,4,2,3,21,940,1060686,1917
2009,6,6659,11,10,8,15,19,2447,1021018,4086
2009,7,4682,9,8,2,5,8,2187,1067271,2107
2009,8,4635,8,6,7,6,21,1837,1074834,3038
2009,9,2828,5,2,9,5,7,1151,1030751,1161
2009,10,428,1,1,1,1,7,176,1045066,101
2009,11,611,1,0,0,0,14,213,1064302,169
2009,12,106,0,0,0,1,6,101,1150356,22
2010,1,130,0,0,0,0,4,138,1153728,6
2010,2,433,0,0,1,0,2,144,1037941,153
2010,3,443,1,0,0,0,8,165,1188282,149
2010,4,1343,4,1,2,2,3,538,1152893,1187
2010,5,3231,4,2,3,4,16,1017,1177377,5115
2010,6,5125,4,7,7,3,7,1506,1130057,3961
2010,7,4659,6,5,7,6,10,1523,1165268,2160
2010,8,4911,9,5,3,9,18,2265,1115500,1705
2010,9,5976,8,7,11,8,18,1941,1081671,4757
2010,10,937,2,2,1,3,10,384,1140760,481
2010,11,25,0,0,0,0,4,32,1078133,4
2010,12,16,0,0,0,0,5,41,1104755,7
2011,1,11,0,0,0,0,2,16,1214165,3
2011,2,34,0,0,0,0,2,18,1102798,5
2011,3,36,0,0,0,1,4,39,1207048,5
2011,4,534,0,0,0,0,8,178,1183211,339
2011,5,3583,2,5,5,0,6,975,1250338,2848
2011,6,8044,8,14,6,8,3,2491,1192978,3849
2011,7,6492,10,8,6,10,6,2113,1137545,3045
2011,8,4219,10,2,7,7,14,1713,1243455,1350
2011,9,4015,9,5,6,5,15,1676,1195687,1615
2011,10,2013,3,1,3,0,0,567,1236051,1305
2011,11,340,2,0,1,1,1,150,1203354,89
2011,12,0,0,0,0,0,0,6,1255409,0
2012,1,24,0,0,0,0,4,26,1249413,4
2012,2,489,1,0,0,0,1,222,1179648,38
2012,3,586,0,0,0,1,0,218,1264620,207
2012,4,3573,0,4,3,4,5,999,1223107,5276
2012,5,8214,9,10,11,12,23,2367,1243419,3885
2012,6,6823,17,11,5,7,10,2288,1206143,3362
2012,7,5343,3,11,8,12,11,2323,1242380,2027
2012,8,6332,8,9,7,8,16,2187,1256885,2414
2012,9,4157,4,7,7,6,9,1462,1211143,1633
2012,10,294,0,1,0,2,4,180,1261607,349
2012,11,959,1,1,1,0,3,306,1240359,491
2012,12,209,1,0,0,1,6,103,1237877,27
2013,1,23,0,0,0,0,12,39,1309871,12
2013,2,178,0,0,0,0,0,78,1235824,14
2013,3,1292,1,1,1,0,4,325,1374843,1194
2013,4,3191,2,3,2,1,3,883,1320213,2781
2013,5,6003,5,3,3,0,9,1703,1327530,5551
2013,6,5616,4,9,5,10,21,1984,1217357,2308
2013,7,9011,18,11,5,5,10,2677,1367646,3317
2013,8,6996,7,4,3,5,8,1868,1289878,5986
2013,9,4219,7,4,3,4,13,1504,1311009,2191
2013,10,207,0,1,1,0,5,139,1382915,32
2013,11,400,1,1,0,0,5,142,1329173,401
2013,12,97,0,0,0,0,0,63,1297998,25
2014,1,0,0,0,0,0,0,16,1330031,0
2014,2,50,0,0,0,0,3,47,1196439,3
2014,3,511,0,0,0,0,5,168,1253481,2985
2014,4,933,2,0,3,1,2,329,1250796,1059
2014,5,7348,9,3,0,2,5,1573,1234937,6513
2014,6,8919,13,7,8,7,15,2360,1168997,3463
2014,7,9167,11,10,10,12,10,2572,1565865,2897
2014,8,8661,17,10,8,7,13,2557,1585673,4306
2014,9,4703,8,4,5,9,18,1400,1544540,1679
2014,10,980,6,1,1,5,6,436,1551274,332
2014,11,256,1,0,1,0,4,131,1449096,62
2014,12,162,0,0,0,0,0,77,1633870,1
2015,1,20,0,0,0,0,8,36,1687967,8
2015,2,783,1,1,1,0,2,147,1530912,274
2015,3,140,0,0,0,2,13,110,1698025,25
2015,4,2287,3,0,2,1,10,447,1649571,798
2015,5,11210,7,6,6,4,5,2077,1687488,9795
2015,6,8719,5,9,7,4,7,2039,1636843,2288
2015,7,10720,9,4,7,4,4,2270,1697721,5142
2015,8,10134,3,5,9,6,28,1991,1712458,4222
2015,9,5623,9,14,7,2,11,1621,1660244,2536
2015,10,3507,2,3,2,2,17,752,1720047,2977
2015,11,753,3,2,5,4,23,443,1677986,335
2015,12,360,1,1,0,3,3,151,1742364,159
2016,1,571,0,1,0,0,5,165,1753882,1167
2016,2,111,0,0,0,0,6,60,1643924,7
2016,3,1459,0,0,0,1,10,283,1759755,1269
2016,4,4226,2,1,0,2,17,753,1700821,5135
2016,5,5522,4,2,3,3,16,1224,1772190,5416
2016,6,11305,10,8,5,4,10,2321,1679681,5351
2016,7,10773,10,8,4,7,7,2250,1756917,2961
2016,8,11254,9,6,9,5,9,2370,1672759,6331
2016,9,9537,6,4,5,7,7,1931,1730414,3295
2016,10,3061,3,4,5,3,13,846,1796399,1475
2016,11,1541,1,1,2,4,5,456,1745454,490
2016,12,343,0,0,0,0,3,74,1790131,51
2017,1,28,0,0,0,0,8,41,1817171,8
2017,2,164,0,1,0,1,4,79,1647766,111
2017,3,548,0,0,1,0,7,235,1822405,739
2017,4,2209,0,0,0,0,0,444,1771392,2109
2017,5,4217,4,3,3,3,4,926,1847660,5627
2017,6,12833,8,11,8,6,3,2486,1781840,6934
2017,7,14255,7,5,4,4,5,2975,1853735,5453
2017,8,8812,2,8,4,4,15,1945,1854970,4505
2017,9,10035,9,6,5,7,9,2241,1816024,3152
2017,10,2983,1,6,4,1,3,739,1885673,867
2017,11,573,0,0,1,2,0,138,1864646,57
2017,12,1,0,0,0,0,3,19,1939356,3
2018,1,158,0,0,1,0,9,95,1988195,33
2018,2,157,0,0,0,0,2,59,1810684,4
2018,3,858,1,1,0,0,2,359,2025704,291
2018,4,2614,2,3,3,3,5,658,1981510,1404
2018,5,6766,3,5,2,4,4,1395,2057706,3803
2018,6,13110,11,13,3,4,3,2341,1997956,10519
2018,7,14144,3,4,8,5,10,3001,2058924,3881
2018,8,19254,8,12,2,6,8,3467,2044777,9826
2018,9,9864,4,5,6,3,9,1713,2000007,5403
2018,10,1778,1,3,2,5,6,301,2097870,511
2018,11,514,1,0,0,0,6,279,2031603,99
2018,12,123,0,1,0,0,7,79,2082368,13
2019,1,11,0,0,0,0,2,25,2093087,2
2019,2,796,0,0,0,3,1,236,1903855,601
2019,3,2315,0,1,1,0,11,450,2097197,941
2019,4,4486,3,1,0,1,6,758,2037468,9100
2019,5,11829,5,1,4,3,6,1612,2136263,5712
2019,6,12713,8,6,5,4,7,2032,2079989,7538
2019,7,14812,9,1,7,7,19,2670,2154585,4960
2019,8,16372,8,2,4,3,7,2610,2161399,7263
2019,9,7666,8,4,3,4,6,1326,2102401,2375
2019,10,2295,0,3,5,2,10,612,2185680,1151
2019,11,6,0,0,0,0,7,40,2132119,7
2019,12,78,0,0,0,0,2,33,2195820,5
2020,1,210,0,0,2,0,1,72,2199859,86
2020,2,933,1,1,0,0,3,173,2066428,823
2020,3,1678,0,0,1,1,5,482,2233745,1347
2020,4,1167,0,1,2,1,7,256,2180871,514
2020,5,11120,2,4,2,3,6,1358,2247159,8107
2020,6,10449,3,6,2,5,3,1486,2181081,5972
2020,7,7357,10,3,5,4,5,1486,2280520,1312
2020,8,15870,11,6,4,4,15,2894,2277592,5738
2020,9,20446,12,5,11,4,11,3421,2197784,7490
2020,10,694,2,1,1,1,5,227,2305142,382
2020,11,26,0,0,0,0,2,35,2261524,2
2020,12,22,0,0,0,0,1,32,2343400,1
2021,1,23,0,0,0,0,4,22,2347942,4
2021,2,377,0,0,1,1,4,68,2137591,58
2021,3,1010,2,1,0,0,3,232,2375039,400
2021,4,2592,4,3,0,2,8,569,2304801,673
2021,5,9671,4,3,2,2,9,1501,2377901,5186
2021,6,16811,7,6,5,4,6,2348,2291140,7816
2021,7,13347,8,4,3,6,10,2339,2391218,4487
2021,8,19849,12,13,4,7,8,3139,2394358,7069
2021,9,9446,8,7,6,5,7,2123,2331979,2560
2021,10,3720,3,0,0,0,13,552,2417904,3216
2021,11,310,0,0,1,0,2,144,2354311,107
2021,12,33,0,0,0,1,2,39,2450888,155
2022,1,209,0,0,0,0,2,100,2477514,10
2022,2,285,0,1,0,1,19,115,2258266,30
2022,3,2545,0,0,4,2,9,384,2527222,1090
2022,4,2503,3,1,1,1,4,536,2467588,1122
2022,5,9800,3,2,4,5,6,1553,2550139,6812
2022,6,18908,6,4,5,5,2,2495,2452199,11444
2022,7,10428,1,3,2,2,12,1578,2557077,6284
2022,8,18610,6,6,4,1,4,2130,2564320,6504
2022,9,5802,6,3,4,2,3,1100,2501686,2705
2022,10,1288,0,3,0,2,2,287,2595283,247
2022,11,2203,0,1,2,1,1,343,2519952,210
2022,12,65,0,0,0,1,0,29,2588980,27
2023,1,234,0,0,0,0,0,53,2622674,0
2023,2,430,0,0,0,0,0,91,2399930,8
2023,3,1905,0,0,0,0,0,278,2665572,1783
2023,4,3177,0,0,0,0,2,343,2584319,3433
2023,5,7451,5,2,1,3,2,1003,2686905,4749
2023,6,27749,7,10,7,4,2,3149,2632109,11437
2023,7,14459,7,3,4,7,2,1987,2800357,6352
2023,8,23135,13,8,6,6,1,3288,2839672,8774
2023,9,15276,13,5,6,2,10,2242,2796823,13254
2023,10,4708,9,4,6,2,3,707,2913724,2650
2023,11,2051,1,1,2,5,0,203,2825244,400
2023,12,193,0,0,0,0,0,52,2886790,5
2024,1,204,0,0,0,0,2,59,2901918,3
2024,2,133,0,0,0,0,0,24,2723032,21
2024,3,1115,0,1,1,0,0,227,2912150,995
2024,4,7650,1,0,1,0,0,693,2862516,19900
2024,5,12381,5,4,5,5,4,1156,3005802,10328
2024,6,23042,9,4,3,2,1,2462,2898480,8737
2024,7,21376,7,8,4,4,2,2736,3018934,8019
2024,8,25230,9,2,3,3,5,2783,3008948,12278
2024,9,18323,10,5,3,2,3,1864,2927445,6199
2024,10,1533,3,4,1,1,1,393,3081650,612
2024,11,1941,0,0,0,0,0,268,3447829,82
2024,12,0,0,0,0,0,0,3,3792176,0
2025,1,203,0,0,0,0,0,30,3840812,4
2025,2,165,0,0,0,0,0,9,3472362,0
2025,3,2272,0,1,1,0,0,201,3860503,1908
2025,4,4734,1,0,0,0,0,436,3747123,4766
2025,5,20409,1,5,3,2,0,1544,3898727,10622
2025,6,29850,3,7,4,2,3,2497,3803650,12852
2025,7,35198,9,6,4,3,0,3028,3939396,14692
2025,8,23433,8,3,0,2,3,2054,3964783,18814
2025,9,20249,8,7,6,2,4,1942,3844077,11150
2025,10,5621,2,0,4,1,4,685,4007691,1477
2025,11,106,0,0,0,0,4,62,3865869,5
2025,12,404,0,0,0,0,0,49,4025754,2
