stacode,statype,lat,lon,ddatetime,r
G1401,AWST,24.800565,113.551398,2008-02-02 02:00:00,947.3
G1282,AWST,22.3608,113.5883,2003-04-17 02:00:00,945.4
G1282,AWST,22.3608,113.5883,2003-04-27 09:00:00,925.7
G1282,AWST,22.3608,113.5883,2003-04-16 16:00:00,920.0
G1282,AWST,22.3608,113.5883,2003-03-31 12:00:00,901.6
G1282,AWST,22.3608,113.5883,2003-03-14 06:00:00,901.1
G1282,AWST,22.3608,113.5883,2003-04-05 15:00:00,900.1
G1282,AWST,22.3608,113.5883,2003-04-02 08:00:00,900.0
G2635,AWST,23.748071,111.794064,2006-02-12 01:00:00,900.0
G2635,AWST,23.748071,111.794064,2006-02-15 14:00:00,900.0
G2109,AWST,22.3772,112.3875,2003-04-19 09:00:00,894.3
G2109,AWST,22.3772,112.3875,2003-04-11 18:00:00,888.8
G2775,AWST,24.43,113.521389,2004-10-23 00:00:00,888.8
G2775,AWST,24.43,113.521389,2004-10-26 11:00:00,888.8
G2775,AWST,24.43,113.521389,2004-10-23 19:00:00,888.8
G2775,AWST,24.43,113.521389,2004-10-22 14:00:00,888.8
G1426,AWST,24.516667,113.34,2005-10-27 19:00:00,888.8
G2109,AWST,22.3772,112.3875,2003-06-03 12:00:00,888.8
G2109,AWST,22.3772,112.3875,2003-06-03 06:00:00,888.8
G2109,AWST,22.3772,112.3875,2003-04-23 10:00:00,888.8
G2109,AWST,22.3772,112.3875,2003-06-06 11:00:00,888.8
G2109,AWST,22.3772,112.3875,2003-04-14 01:00:00,888.3
G2109,AWST,22.3772,112.3875,2003-04-12 20:00:00,888.3
G1282,AWST,22.3608,113.5883,2003-04-03 23:00:00,837.0
G1015,AWST,22.9431,113.3686,2005-07-25 08:00:00,819.2
G2764,AWST,24.5772,112.4247,2004-03-09 03:00:00,808.4
G1282,AWST,22.3608,113.5883,2003-03-11 08:00:00,800.8
G1282,AWST,22.3608,113.5883,2003-03-02 18:00:00,800.5
G1282,AWST,22.3608,113.5883,2003-03-15 18:00:00,800.4
G1282,AWST,22.3608,113.5883,2003-04-23 07:00:00,800.2
G2631,AWST,23.305886,111.479025,2005-09-26 19:00:00,800.0
G1282,AWST,22.3608,113.5883,2003-03-27 20:00:00,800.0
G1481,AWST,24.1656,114.2253,2006-08-15 05:00:00,769.0
G1282,AWST,22.3608,113.5883,2003-04-28 20:00:00,753.0
G2173,AWST,22.3167,112.55,2007-02-26 23:00:00,744.4
G2173,AWST,22.3167,112.55,2007-02-26 22:00:00,742.1
G2764,AWST,24.5772,112.4247,2004-03-12 20:00:00,741.5
G1282,AWST,22.3608,113.5883,2003-03-19 12:00:00,730.0
G2173,AWST,22.3167,112.55,2007-02-25 07:00:00,721.7
G2113,AWST,22.8256,112.9475,2008-01-17 04:00:00,716.9
G1282,AWST,22.3608,113.5883,2003-03-30 12:00:00,701.7
G2173,AWST,22.3167,112.55,2007-02-27 01:00:00,700.6
G2633,AWST,23.501067,111.741686,2006-01-04 02:00:00,700.0
G2109,AWST,22.3772,112.3875,2003-04-15 20:00:00,700.0
G2173,AWST,22.3167,112.55,2007-02-27 00:00:00,697.6
G2173,AWST,22.3167,112.55,2007-02-26 17:00:00,696.7
G1282,AWST,22.3608,113.5883,2003-03-13 04:00:00,652.0
G2764,AWST,24.5772,112.4247,2004-03-13 14:00:00,631.0
G2340,AWST,21.9414,111.4125,2003-04-24 15:00:00,630.0
G1282,AWST,22.3608,113.5883,2003-03-31 20:00:00,605.1
G3531,AWST,22.7069,113.9003,2009-06-19 19:00:00,603.7
G2109,AWST,22.3772,112.3875,2003-04-11 20:00:00,600.6
G1282,AWST,22.3608,113.5883,2003-04-04 05:00:00,600.1
G1282,AWST,22.3608,113.5883,2003-04-16 17:00:00,590.1
G2109,AWST,22.3772,112.3875,2003-06-09 05:00:00,588.1
G2109,AWST,22.3772,112.3875,2003-04-26 02:00:00,555.5
G2109,AWST,22.3772,112.3875,2003-05-31 21:00:00,555.5
G2109,AWST,22.3772,112.3875,2003-06-09 06:00:00,555.5
G2109,AWST,22.3772,112.3875,2003-04-27 13:00:00,555.5
G1640,AWST,23.95,115.6167,2004-03-21 21:00:00,555.5
G2775,AWST,24.43,113.521389,2004-10-25 04:00:00,555.5
G2109,AWST,22.3772,112.3875,2003-04-24 08:00:00,555.5
G2109,AWST,22.3772,112.3875,2003-04-12 09:00:00,555.5
G2775,AWST,24.43,113.521389,2004-10-29 06:00:00,555.5
G2775,AWST,24.43,113.521389,2004-10-25 17:00:00,555.5
G2775,AWST,24.43,113.521389,2004-10-27 21:00:00,555.5
G2775,AWST,24.43,113.521389,2004-10-31 04:00:00,555.5
G2775,AWST,24.43,113.521389,2004-10-31 19:00:00,555.5
G2109,AWST,22.3772,112.3875,2003-04-18 00:00:00,555.5
G2109,AWST,22.3772,112.3875,2003-04-18 03:00:00,555.5
G2109,AWST,22.3772,112.3875,2003-06-18 21:00:00,555.5
G2109,AWST,22.3772,112.3875,2003-06-17 02:00:00,555.5
G2109,AWST,22.3772,112.3875,2003-04-22 03:00:00,555.5
G2109,AWST,22.3772,112.3875,2003-04-22 21:00:00,555.5
G2109,AWST,22.3772,112.3875,2003-06-23 23:00:00,555.5
G2109,AWST,22.3772,112.3875,2003-04-05 14:00:00,555.5
G2109,AWST,22.3772,112.3875,2003-04-28 12:00:00,555.5
G2109,AWST,22.3772,112.3875,2003-06-06 12:00:00,555.5
G2109,AWST,22.3772,112.3875,2003-06-10 04:00:00,555.5
G2109,AWST,22.3772,112.3875,2003-04-19 06:00:00,555.5
G2109,AWST,22.3772,112.3875,2003-04-18 04:00:00,555.5
G2109,AWST,22.3772,112.3875,2003-04-19 05:00:00,555.5
G2775,AWST,24.43,113.521389,2004-10-22 02:00:00,555.5
G2109,AWST,22.3772,112.3875,2003-04-14 17:00:00,555.5
G2109,AWST,22.3772,112.3875,2003-04-19 00:00:00,555.5
G2109,AWST,22.3772,112.3875,2003-04-14 02:00:00,555.2
G2764,AWST,24.5772,112.4247,2004-03-13 16:00:00,544.5
G2109,AWST,22.3772,112.3875,2003-06-16 16:00:00,533.1
G2173,AWST,22.3167,112.55,2007-02-26 18:00:00,531.0
G1282,AWST,22.3608,113.5883,2003-03-22 19:00:00,530.0
G1282,AWST,22.3608,113.5883,2003-04-13 21:00:00,518.0
G2764,AWST,24.5772,112.4247,2004-03-09 02:00:00,515.5
G2173,AWST,22.3167,112.55,2007-02-26 21:00:00,515.5
G1282,AWST,22.3608,113.5883,2003-04-13 18:00:00,510.1
G2141,AWST,22.57,112.93,2005-07-25 14:00:00,505.6
G1282,AWST,22.3608,113.5883,2003-03-05 12:00:00,503.0
G1282,AWST,22.3608,113.5883,2003-03-11 09:00:00,500.7
G2135,AWST,22.5211,112.9369,2008-01-17 11:00:00,486.5
G2764,AWST,24.5772,112.4247,2004-03-12 09:00:00,479.5
G8207,AWST,23.5022,112.8211,2009-08-23 01:00:00,479.2
G2173,AWST,22.3167,112.55,2007-02-25 06:00:00,463.9
G2764,AWST,24.5772,112.4247,2004-03-13 15:00:00,463.4
G1282,AWST,22.3608,113.5883,2003-03-02 21:00:00,460.1
G2764,AWST,24.5772,112.4247,2004-03-09 01:00:00,455.9
G2764,AWST,24.5772,112.4247,2004-03-12 08:00:00,451.8
G1741,AWST,23.1524,114.1516,2007-03-17 03:00:00,450.3
G2764,AWST,24.5772,112.4247,2004-03-13 17:00:00,448.9
G1741,AWST,23.1524,114.1516,2007-03-17 02:00:00,448.6
G2764,AWST,24.5772,112.4247,2004-03-09 04:00:00,443.5
G2109,AWST,22.3772,112.3875,2003-06-08 21:00:00,440.7
G1282,AWST,22.3608,113.5883,2003-03-03 20:00:00,440.1
G1402,AWST,24.778804,113.662718,2008-02-02 04:00:00,436.2
G1282,AWST,22.3608,113.5883,2003-03-04 23:00:00,430.1
G2764,AWST,24.5772,112.4247,2004-03-13 18:00:00,429.6
G2764,AWST,24.5772,112.4247,2004-03-12 23:00:00,416.9
G1741,AWST,23.1524,114.1516,2007-03-17 04:00:00,416.0
G2173,AWST,22.3167,112.55,2007-02-27 02:00:00,412.0
G1402,AWST,24.778804,113.662718,2008-02-02 08:00:00,411.2
G1282,AWST,22.3608,113.5883,2003-04-08 08:00:00,408.0
G1282,AWST,22.3608,113.5883,2003-03-14 07:00:00,400.7
G2173,AWST,22.3167,112.55,2007-02-26 09:00:00,400.6
G2632,AWST,23.577158,111.577581,2005-12-14 03:00:00,400.0
G2635,AWST,23.748071,111.794064,2006-02-16 02:00:00,400.0
G2764,AWST,24.5772,112.4247,2004-03-12 14:00:00,388.1
G1210,AWST,22.1353,113.3525,2008-06-08 04:00:00,385.9
G1282,AWST,22.3608,113.5883,2003-03-30 05:00:00,380.1
G1741,AWST,23.1524,114.1516,2007-03-17 00:00:00,374.6
G1282,AWST,22.3608,113.5883,2003-04-15 17:00:00,365.5
G2764,AWST,24.5772,112.4247,2004-03-09 00:00:00,360.6
G1282,AWST,22.3608,113.5883,2003-03-18 11:00:00,360.3
G1282,AWST,22.3608,113.5883,2003-03-16 03:00:00,360.0
G1282,AWST,22.3608,113.5883,2003-04-27 14:00:00,358.0
G2764,AWST,24.5772,112.4247,2004-03-12 16:00:00,355.2
G1741,AWST,23.1524,114.1516,2007-03-16 23:00:00,352.5
G1282,AWST,22.3608,113.5883,2003-04-25 10:00:00,348.0
G1282,AWST,22.3608,113.5883,2003-03-19 16:00:00,344.0
G2764,AWST,24.5772,112.4247,2004-03-12 13:00:00,340.8
G2109,AWST,22.3772,112.3875,2003-01-15 00:00:00,338.8
G2505,AWST,22.0333,110.4,2009-08-05 11:00:00,337.7
G1401,AWST,24.800565,113.551398,2008-02-02 06:00:00,333.3
G2764,AWST,24.5772,112.4247,2004-03-12 15:00:00,328.5
G1282,AWST,22.3608,113.5883,2003-03-19 22:00:00,328.0
G1071,AWST,22.9989,113.385833,2005-07-24 21:00:00,325.5
G1282,AWST,22.3608,113.5883,2003-03-17 23:00:00,316.0
G2171,AWST,22.48,112.7197,2008-01-17 08:00:00,310.8
G2764,AWST,24.5772,112.4247,2004-03-11 11:00:00,304.4
G1282,AWST,22.3608,113.5883,2003-03-18 21:00:00,304.0
G1282,AWST,22.3608,113.5883,2003-03-04 22:00:00,303.5
G2109,AWST,22.3772,112.3875,2003-04-23 08:00:00,300.0
G2109,AWST,22.3772,112.3875,2003-04-23 09:00:00,300.0
G2109,AWST,22.3772,112.3875,2003-04-25 16:00:00,300.0
G1282,AWST,22.3608,113.5883,2003-03-08 19:00:00,300.0
G2109,AWST,22.3772,112.3875,2003-04-25 02:00:00,300.0
G2109,AWST,22.3772,112.3875,2003-04-16 17:00:00,300.0
G1282,AWST,22.3608,113.5883,2003-02-28 15:00:00,300.0
G2109,AWST,22.3772,112.3875,2003-04-25 00:00:00,300.0
G2109,AWST,22.3772,112.3875,2003-04-25 07:00:00,300.0
G2109,AWST,22.3772,112.3875,2003-04-25 03:00:00,300.0
G1210,AWST,22.1353,113.3525,2008-06-08 03:00:00,292.5
G1032,AWST,23.0947,113.4531,2005-03-16 19:00:00,292.0
G1936,AWST,23.0908,113.7211,2006-06-21 15:00:00,288.0
G1282,AWST,22.3608,113.5883,2003-02-27 23:00:00,280.0
G2505,AWST,22.0333,110.4,2009-08-05 10:00:00,278.1
G2764,AWST,24.5772,112.4247,2004-03-13 13:00:00,263.8
G1282,AWST,22.3608,113.5883,2003-03-22 09:00:00,260.3
G2109,AWST,22.3772,112.3875,2008-01-17 10:00:00,257.3
G2158,AWST,21.9803,113.0133,2008-01-17 11:00:00,257.3
G2164,AWST,22.3161,112.3403,2008-01-17 10:00:00,257.3
G2764,AWST,24.5772,112.4247,2004-03-11 01:00:00,256.3
G1282,AWST,22.3608,113.5883,2003-03-31 13:00:00,256.0
G2109,AWST,22.3772,112.3875,2003-06-06 05:00:00,255.5
G1936,AWST,23.0908,113.7211,2006-07-02 09:00:00,251.9
G2722,AWST,23.902222,112.779167,2008-12-01 11:00:00,239.3
G2140,AWST,22.6497,112.6297,2008-01-17 08:00:00,236.0
G1741,AWST,23.1524,114.1516,2007-03-17 14:00:00,232.3
G1705,AWST,23.2494,114.1233,2008-05-08 02:00:00,231.7
G2173,AWST,22.3167,112.55,2007-02-27 11:00:00,231.7
G1043,AWST,23.3261,113.1083,2009-05-02 00:00:00,217.6
G1043,AWST,23.3261,113.1083,2009-05-01 23:00:00,214.1
G2764,AWST,24.5772,112.4247,2004-01-23 14:00:00,212.7
G1482,AWST,24.1633,113.8711,2006-05-30 07:00:00,205.1
G2764,AWST,24.5772,112.4247,2004-03-06 11:00:00,203.9
G2764,AWST,24.5772,112.4247,2004-03-10 19:00:00,201.8
G2764,AWST,24.5772,112.4247,2004-02-28 06:00:00,201.1
G1282,AWST,22.3608,113.5883,2003-04-04 23:00:00,201.0
G1282,AWST,22.3608,113.5883,2003-04-09 16:00:00,200.7
G1282,AWST,22.3608,113.5883,2003-03-08 18:00:00,200.7
G4540,AWST,24.6889,113.0322,2022-06-02 14:00:00,199.3
G1936,AWST,23.0908,113.7211,2006-07-01 13:00:00,197.9
G1222,AWST,22.0264,113.37,2016-05-22 21:00:00,195.1
G1222,AWST,22.0264,113.37,2016-05-23 01:00:00,194.1
G5605,AWST,22.9481,115.3825,2022-02-12 09:00:00,193.2
G4507,AWST,24.9277,114.1438,2015-11-01 17:00:00,191.2
G2696,AWST,23.0856,112.4178,2019-10-26 18:00:00,189.7
G2308,AWST,21.8811,111.8364,2013-06-23 04:00:00,188.0
G2173,AWST,22.3167,112.55,2007-02-25 08:00:00,188.0
G2764,AWST,24.5772,112.4247,2004-03-12 05:00:00,187.7
G2764,AWST,24.5772,112.4247,2004-02-28 10:00:00,186.0
G1936,AWST,23.0908,113.7211,2006-07-02 10:00:00,185.7
G6551,AWST,22.7431,112.9261,2016-05-11 13:00:00,185.1
G3322,AWST,23.2253,113.6019,2017-05-07 06:00:00,184.4
G7443,AWST,20.5056,110.2328,2015-09-18 12:00:00,183.8
G2764,AWST,24.5772,112.4247,2004-03-12 19:00:00,182.5
G1222,AWST,22.0264,113.37,2016-05-22 23:00:00,182.2
G2764,AWST,24.5772,112.4247,2004-01-23 08:00:00,180.6
G1028,AWST,23.4375,113.4756,2005-03-10 03:00:00,180.0
G1668,AWST,24.0669,116.4544,2008-05-13 21:00:00,179.9
G1705,AWST,23.2494,114.1233,2008-08-03 04:00:00,179.5
G4455,AWST,25.0811,114.4267,2014-03-25 13:00:00,179.2
G5605,AWST,22.9481,115.3825,2022-02-12 02:00:00,179.0
G2764,AWST,24.5772,112.4247,2004-02-28 08:00:00,177.0
G5605,AWST,22.9481,115.3825,2022-02-12 03:00:00,174.8
G2308,AWST,21.8811,111.8364,2013-06-21 07:00:00,174.5
G9260,AWST,22.6164,112.1806,2015-08-14 17:00:00,174.4
G1847,AWST,22.9552,115.5084,2022-07-13 08:00:00,173.6
G3325,AWST,23.3875,113.2278,2022-03-30 13:00:00,171.8
G2326,AWST,21.874917,112.012694,2012-07-19 07:00:00,171.4
G1282,AWST,22.3608,113.5883,2003-03-22 01:00:00,170.3
G2764,AWST,24.5772,112.4247,2004-02-28 12:00:00,169.8
G2772,AWST,24.1869,113.1103,2016-10-29 17:00:00,169.8
G1043,AWST,23.3261,113.1083,2009-05-01 22:00:00,169.0
G1741,AWST,23.1524,114.1516,2007-03-17 01:00:00,168.6
G1440,AWST,24.61,113.9719,2013-01-04 10:00:00,168.3
G2764,AWST,24.5772,112.4247,2004-01-23 10:00:00,168.2
G9502,AWST,23.0714,113.4761,2020-05-22 03:00:00,167.8
G2173,AWST,22.3167,112.55,2007-02-25 00:00:00,167.8
G1705,AWST,23.2494,114.1233,2008-07-04 22:00:00,167.1
G2330,AWST,21.7737,111.7502,2018-09-17 15:00:00,166.9
G2764,AWST,24.5772,112.4247,2004-03-12 18:00:00,166.9
G2427,AWST,21.2625,110.5011,2024-05-03 12:00:00,166.7
G2164,AWST,22.3161,112.3403,2017-06-22 03:00:00,165.0
G1006,AWST,23.2953,113.35,2005-03-16 19:00:00,164.0
G1282,AWST,22.3608,113.5883,2003-03-28 02:00:00,162.8
G3095,AWST,22.5872,111.335,2016-03-28 23:00:00,162.4
G2192,AWST,22.49,112.9961,2015-03-13 04:00:00,161.8
G1741,AWST,23.1524,114.1516,2007-03-19 11:00:00,161.1
59673,SURF,21.7358,112.7731,2020-05-21 07:00:00,161.0
G2764,AWST,24.5772,112.4247,2004-03-09 05:00:00,160.7
G5605,AWST,22.9481,115.3825,2022-02-12 04:00:00,160.3
G2764,AWST,24.5772,112.4247,2004-03-13 09:00:00,159.7
G5605,AWST,22.9481,115.3825,2022-02-12 01:00:00,159.5
G2135,AWST,22.5211,112.9369,2008-01-17 09:00:00,159.3
G1524,AWST,23.970206,115.107919,2008-06-07 22:00:00,158.7
G2513,AWST,21.5558,110.8611,2023-10-20 03:00:00,158.5
G5049,AWST,24.4714,116.6544,2016-10-01 08:00:00,157.8
G1821,AWST,22.8775,115.0681,2007-06-14 22:00:00,157.6
G5553,AWST,23.6267,114.19295,2021-05-31 07:00:00,156.4
G1282,AWST,22.3608,113.5883,2003-02-23 09:00:00,156.0
G1282,AWST,22.3608,113.5883,2003-04-03 06:00:00,156.0
G1065,AWST,23.380913,113.82709,2010-05-07 00:00:00,155.0
G1555,AWST,24.4597,115.2098,2016-02-05 12:00:00,154.8
G1401,AWST,24.800565,113.551398,2008-02-01 08:00:00,153.7
G1741,AWST,23.1524,114.1516,2007-03-10 11:00:00,153.6
G1971,AWST,23.0261,113.7033,2020-05-22 03:00:00,153.2
G2111,AWST,22.14361,113.07944,2013-05-08 16:00:00,153.2
G3259,AWST,23.4942,113.1664,2017-08-29 00:00:00,151.3
G5605,AWST,22.9481,115.3825,2022-02-12 08:00:00,151.1
G2308,AWST,21.8811,111.8364,2013-06-21 22:00:00,150.5
G3322,AWST,23.2253,113.6019,2017-05-07 07:00:00,150.3
G2485,AWST,20.5,109.8333,2007-08-11 11:00:00,150.1
G2129,AWST,22.62777,113.05805,2005-10-04 22:00:00,150.0
G2764,AWST,24.5772,112.4247,2004-01-16 02:00:00,148.8
G2764,AWST,24.5772,112.4247,2004-03-13 19:00:00,148.6
G1217,AWST,22.1339,113.4833,2021-06-01 07:00:00,148.6
G3550,AWST,22.778558,113.836166,2008-02-01 11:00:00,148.0
G2961,AWST,23.4281,116.0469,2022-06-06 16:00:00,147.7
G2533,AWST,22.523381,110.811407,2016-12-19 16:00:00,147.5
G5605,AWST,22.9481,115.3825,2022-02-12 06:00:00,147.2
G1863,AWST,22.9117,115.3322,2016-04-07 07:00:00,147.1
G3328,AWST,23.3125,113.6006,2018-12-13 17:00:00,147.0
G1821,AWST,22.8775,115.0681,2007-06-16 06:00:00,146.8
G1705,AWST,23.2494,114.1233,2008-08-17 21:00:00,146.7
G1077,AWST,22.9003,113.4739,2024-08-29 17:00:00,145.8
G1936,AWST,23.0908,113.7211,2006-06-23 02:00:00,145.7
G1210,AWST,22.1353,113.3525,2008-06-08 09:00:00,145.2
G2501,AWST,21.783333,111.216667,2023-10-20 06:00:00,144.9
G1407,AWST,25.1572,114.3039,2015-08-18 00:00:00,144.3
G1282,AWST,22.3608,113.5883,2003-02-27 12:00:00,144.0
G2456,AWST,21.4392,110.9431,2019-05-26 23:00:00,143.7
G1824,AWST,22.742,115.016,2020-05-22 00:00:00,143.0
G1977,AWST,23.1075,113.9247,2010-05-07 01:00:00,143.0
G3246,AWST,23.4611,113.425,2019-06-09 01:00:00,142.7
GQ023,AWST,21.797576,111.763434,2025-06-17 01:00:00,142.6
G5519,AWST,22.721389,114.9375,2020-05-22 00:00:00,142.3
G2509,AWST,21.66,110.91,2006-05-03 15:00:00,142.1
G2031,AWST,22.264111,113.3445,2024-05-04 10:00:00,141.9
G2187,AWST,21.9178,112.9761,2019-05-27 05:00:00,141.6
G2086,AWST,22.3051,113.4682,2024-05-04 11:00:00,141.5
G3532,AWST,22.8555,113.88065,2023-05-23 04:00:00,141.2
G7541,AWST,20.5742,110.4639,2024-05-02 09:00:00,141.1
G1668,AWST,24.0669,116.4544,2009-05-28 05:00:00,141.0
59488,SURF,22.275,113.567,2024-05-04 12:00:00,141.0
G8542,AWST,24.4442,113.0189,2015-06-04 21:00:00,141.0
G1956,AWST,23.0225,113.6486,2020-05-22 03:00:00,140.8
G1230,AWST,22.1769,113.4942,2021-06-01 06:00:00,140.6
G2764,AWST,24.5772,112.4247,2004-01-23 06:00:00,140.5
G2764,AWST,24.5772,112.4247,2004-03-10 18:00:00,140.1
G2109,AWST,22.3772,112.3875,2003-06-08 20:00:00,140.0
G5605,AWST,22.9481,115.3825,2022-02-11 21:00:00,139.9
59659,SURF,21.749,110.912,2018-08-23 16:00:00,139.9
G2186,AWST,21.9019,112.9739,2019-05-27 04:00:00,139.8
G1524,AWST,23.970206,115.107919,2008-06-07 23:00:00,139.1
G7431,AWST,21.138106,109.753333,2024-05-19 11:00:00,139.0
59106,SURF,24.5625,115.8706,2009-06-22 09:00:00,138.9
G5553,AWST,23.6267,114.19295,2021-05-31 08:00:00,138.6
G3440,AWST,23.4508,113.4203,2017-01-29 05:00:00,138.5
G5303,AWST,22.7064,114.4442,2014-05-17 03:00:00,138.4
G1407,AWST,25.1572,114.3039,2015-08-18 06:00:00,138.3
G2569,AWST,22.346575,110.935663,2016-05-20 12:00:00,138.2
G1691,AWST,24.5697,116.1533,2016-05-05 06:00:00,138.1
G7915,AWST,21.6197,110.9106,2023-10-20 03:00:00,137.8
G7915,AWST,21.6197,110.9106,2019-04-13 16:00:00,137.8
G7456,AWST,21.4711,110.5078,2024-05-03 11:00:00,137.5
G1228,AWST,22.2778,113.585,2024-05-04 12:00:00,137.1
G2764,AWST,24.5772,112.4247,2004-02-28 09:00:00,137.0
G2546,AWST,21.837222,111.153611,2023-10-20 05:00:00,136.9
G3095,AWST,22.5872,111.335,2016-01-31 08:00:00,136.8
59672,AWST,21.6994,112.8014,2015-03-16 01:00:00,136.8
G1119,AWST,22.7831,115.025,2020-06-08 03:00:00,136.7
G1420,AWST,25.0597,113.8244,2016-03-27 02:00:00,136.6
G1863,AWST,22.9117,115.3322,2016-04-07 05:00:00,136.3
G7864,AWST,21.859167,110.959167,2023-10-20 04:00:00,135.8
G4614,AWST,24.5328,113.3911,2024-04-04 15:00:00,135.5
G2164,AWST,22.3161,112.3403,2017-06-22 04:00:00,135.1
G1982,AWST,22.994825,113.651944,2020-05-22 03:00:00,135.0
G3550,AWST,22.778558,113.836166,2008-02-01 13:00:00,134.8
G2764,AWST,24.5772,112.4247,2004-03-13 00:00:00,134.8
G5605,AWST,22.9481,115.3825,2022-02-12 11:00:00,134.7
G2516,AWST,21.6722,110.98,2023-10-20 04:00:00,134.5
G1668,AWST,24.0669,116.4544,2008-05-13 22:00:00,134.3
G4522,AWST,25.1394,113.8861,2020-03-20 23:00:00,134.0
G2764,AWST,24.5772,112.4247,2004-01-20 10:00:00,133.8
G7713,AWST,21.733056,111.111944,2023-10-20 05:00:00,133.7
G2036,AWST,22.2939,113.3914,2024-05-04 10:00:00,133.4
G1996,AWST,22.9383,113.6564,2010-05-07 17:00:00,133.2
G1915,AWST,23.0,113.66,2020-05-22 03:00:00,133.0
G1963,AWST,23.0856,113.7756,2010-05-07 01:00:00,132.9
G1668,AWST,24.0669,116.4544,2009-05-28 08:00:00,132.8
59456,SURF,22.3469,110.925,2016-05-20 12:00:00,132.8
G6503,AWST,21.6163,112.7427,2015-07-21 00:00:00,132.6
G8304,AWST,23.675,113.060277,2015-04-17 00:00:00,132.3
G2330,AWST,21.7737,111.7502,2025-06-17 01:00:00,132.0
G6513,AWST,22.1553,112.3892,2014-05-10 17:00:00,132.0
G3267,AWST,23.2158,113.7572,2020-05-22 01:00:00,131.7
G7413,AWST,20.6453,109.8578,2015-11-02 08:00:00,131.5
G1741,AWST,23.1524,114.1516,2007-03-10 12:00:00,131.5
G1741,AWST,23.1524,114.1516,2007-03-16 06:00:00,131.3
G1282,AWST,22.3608,113.5883,2003-04-20 02:00:00,131.0
G1705,AWST,23.2494,114.1233,2008-05-08 03:00:00,131.0
G7863,AWST,21.78,110.957778,2023-10-20 04:00:00,131.0
G2731,AWST,24.7667,112.0833,2010-05-21 11:00:00,130.9
G1978,AWST,23.0786,113.7222,2025-08-14 12:00:00,130.9
G1407,AWST,25.1572,114.3039,2015-08-17 22:00:00,130.9
G6550,AWST,22.7619,112.875,2025-08-14 18:00:00,130.3
G1945,AWST,23.0353,113.6378,2020-05-22 03:00:00,130.2
G1226,AWST,22.1628,113.5125,2021-06-01 06:00:00,130.1
G1282,AWST,22.3608,113.5883,2003-03-19 13:00:00,130.0
G2109,AWST,22.3772,112.3875,2003-04-20 22:00:00,130.0
G2109,AWST,22.3772,112.3875,2003-01-26 23:00:00,130.0
G2109,AWST,22.3772,112.3875,2003-01-03 02:00:00,130.0
G2109,AWST,22.3772,112.3875,2003-01-04 14:00:00,130.0
G2109,AWST,22.3772,112.3875,2003-01-08 02:00:00,130.0
G1440,AWST,24.61,113.9719,2013-01-04 11:00:00,130.0
G2109,AWST,22.3772,112.3875,2003-04-26 17:00:00,130.0
G2109,AWST,22.3772,112.3875,2003-01-26 12:00:00,130.0
G2003,AWST,22.275,113.4625,2024-05-04 11:00:00,130.0
G2109,AWST,22.3772,112.3875,2003-01-24 00:00:00,130.0
G2109,AWST,22.3772,112.3875,2003-04-21 08:00:00,130.0
G1924,AWST,23.0494,113.7244,2020-05-22 03:00:00,129.9
G6516,AWST,22.3542,112.1639,2017-06-22 02:00:00,129.6
G2046,AWST,22.441306,113.256139,2017-08-14 11:00:00,129.5
G7762,AWST,22.3106,110.9786,2016-05-20 12:00:00,129.2
G7912,AWST,21.7531,110.8286,2019-04-13 15:00:00,129.1
G2083,AWST,22.3009,113.4294,2024-05-04 11:00:00,129.0
G1217,AWST,22.1339,113.4833,2013-05-08 19:00:00,129.0
G2509,AWST,21.66,110.91,2019-04-13 16:00:00,128.9
G2187,AWST,21.9178,112.9761,2019-05-27 04:00:00,128.8
G2053,AWST,22.326111,113.478056,2024-05-04 11:00:00,128.7
G3321,AWST,23.385,113.7314,2010-05-07 00:00:00,128.5
G1027,AWST,23.5472,113.2897,2011-06-11 18:00:00,128.4
G6520,AWST,21.9356,112.6103,2015-05-20 22:00:00,128.3
G2529,AWST,21.918889,110.828333,2023-10-20 03:00:00,128.2
G1967,AWST,22.8372,113.6053,2010-05-13 00:00:00,128.1
G2509,AWST,21.66,110.91,2023-10-20 03:00:00,127.9
G1043,AWST,23.3261,113.1083,2009-04-07 00:00:00,127.8
G6034,AWST,22.8875,113.9975,2025-08-05 03:00:00,127.8
G1720,AWST,23.0833,114.1833,2018-01-18 03:00:00,127.8
G1973,AWST,23.1011,113.8061,2020-05-22 02:00:00,127.6
G7731,AWST,21.4721,111.1678,2025-06-17 05:00:00,127.6
G3146,AWST,23.1889,113.5828,2020-05-22 02:00:00,127.5
G2513,AWST,21.5558,110.8611,2019-04-01 03:00:00,127.2
G2330,AWST,21.7737,111.7502,2025-05-18 12:00:00,127.1
G8013,AWST,23.9958,112.4908,2019-04-14 14:00:00,126.6
59294,SURF,23.335278,113.8275,2010-05-07 00:00:00,126.4
G5049,AWST,24.4714,116.6544,2016-10-01 07:00:00,126.4
G4505,AWST,25.1078,114.0331,2024-09-02 21:00:00,126.4
G2158,AWST,21.9803,113.0133,2011-05-22 09:00:00,126.3
G6523,AWST,22.0892,112.6214,2017-08-23 15:00:00,126.3
G3953,AWST,22.2464,113.3425,2024-05-04 10:00:00,126.3
G1962,AWST,23.1086,113.8786,2010-05-07 01:00:00,126.2
G1948,AWST,23.1247,113.74,2020-05-22 01:00:00,126.1
G2527,AWST,21.909167,111.0694,2004-10-05 19:00:00,125.8
G3250,AWST,23.095488,113.5631,2020-05-22 03:00:00,125.8
G1922,AWST,23.0108,113.7431,2024-06-03 07:00:00,125.7
G2457,AWST,21.3564,110.6889,2015-10-04 14:00:00,125.7
G2764,AWST,24.5772,112.4247,2004-03-12 11:00:00,125.5
G5605,AWST,22.9481,115.3825,2022-02-12 07:00:00,125.5
G1420,AWST,25.0597,113.8244,2016-03-25 23:00:00,125.4
G2191,AWST,22.1567,113.0169,2013-05-08 16:00:00,125.4
G3162,AWST,23.1919,113.5642,2020-05-22 02:00:00,125.3
G2537,AWST,22.3231,110.7978,2015-07-21 14:00:00,125.3
G1561,AWST,24.39,115.4167,2014-03-23 19:00:00,125.3
G5605,AWST,22.9481,115.3825,2022-02-12 05:00:00,124.9
G7312,AWST,21.8717,111.9892,2025-06-17 10:00:00,124.6
G1841,AWST,23.1178,115.5928,2018-08-31 07:00:00,124.6
G2553,AWST,22.0303,110.5422,2023-10-20 02:00:00,124.5
G2633,AWST,23.501067,111.741686,2009-10-31 15:00:00,124.5
G3153,AWST,23.1869,113.8567,2021-06-22 06:00:00,124.4
G2510,AWST,21.6783,110.8922,2023-10-20 03:00:00,124.3
59750,SURF,20.9619,110.0678,2021-04-19 16:00:00,124.1
G3269,AWST,23.3236,113.8614,2010-05-07 00:00:00,123.9
G5303,AWST,22.7064,114.4442,2014-05-17 02:00:00,123.8
G6645,AWST,22.1883,112.0992,2017-06-22 04:00:00,123.8
G1808,AWST,22.690278,115.421667,2018-06-08 09:00:00,123.7
G2318,AWST,21.9314,112.0681,2022-05-11 04:00:00,123.6
G1222,AWST,22.0264,113.37,2016-05-23 03:00:00,123.3
G3567,AWST,22.566618,114.280949,2018-06-06 14:00:00,123.3
G1143,AWST,22.7591,113.8913,2019-05-23 15:00:00,123.2
G7443,AWST,20.5056,110.2328,2013-11-02 23:00:00,123.1
G2153,AWST,21.9425,112.7456,2024-05-27 07:00:00,123.1
G1821,AWST,22.8775,115.0681,2008-04-20 02:00:00,122.9
G2402,AWST,21.0164,110.0097,2022-07-03 09:00:00,122.8
G7715,AWST,21.626111,111.128056,2017-06-21 19:00:00,122.8
G2187,AWST,21.9178,112.9761,2018-06-13 03:00:00,122.8
G4569,AWST,25.0797,113.3914,2016-04-21 05:00:00,122.7
G2180,AWST,21.9497,112.5244,2011-05-22 20:00:00,122.7
G5605,AWST,22.9481,115.3825,2022-02-11 22:00:00,122.4
G7866,AWST,21.8806,111.1664,2023-10-20 05:00:00,122.2
G2766,AWST,24.5083,112.8425,2007-06-22 16:00:00,122.2
G7542,AWST,20.3914,110.0039,2024-07-08 18:00:00,122.2
G2042,AWST,22.428611,113.495556,2019-05-27 03:00:00,122.0
G1273,AWST,22.0486,113.3225,2021-06-01 08:00:00,122.0
G8311,AWST,23.624361,113.201226,2020-06-08 00:00:00,121.9
G2318,AWST,21.9314,112.0681,2025-05-18 04:00:00,121.9
G2652,AWST,23.504961,112.655289,2007-04-03 11:00:00,121.9
G9741,AWST,23.3919,113.5447,2023-06-13 17:00:00,121.9
G1911,AWST,22.8131,113.7667,2023-06-24 02:00:00,121.7
G5410,AWST,23.4342,114.4664,2021-05-31 08:00:00,121.6
G7914,AWST,21.6825,110.8372,2023-10-20 03:00:00,121.6
G1273,AWST,22.0486,113.3225,2019-04-18 19:00:00,121.5
G5034,AWST,24.5894,116.1469,2020-05-11 21:00:00,121.5
G7917,AWST,21.635691,111.000732,2023-10-20 04:00:00,121.4
G1644,AWST,23.9403,115.7714,2014-09-27 19:00:00,121.4
G7919,AWST,21.688487,110.89774,2019-04-13 16:00:00,121.1
G7062,AWST,23.142141,112.984001,2025-08-14 16:00:00,121.1
G2504,AWST,21.7925,111.011667,2023-10-20 04:00:00,121.0
G1217,AWST,22.1339,113.4833,2010-06-10 03:00:00,120.9
G3960,AWST,22.2236,113.3375,2024-05-04 10:00:00,120.9
G3255,AWST,23.3192,113.1475,2018-06-08 14:00:00,120.8
G1024,AWST,23.44,113.3206,2017-05-07 03:00:00,120.6
G1027,AWST,23.5472,113.2897,2020-06-07 20:00:00,120.6
GG417,AWST,21.8864,110.1253,2025-05-19 09:00:00,120.5
G2238,AWST,22.924905,113.16161,2020-05-16 20:00:00,120.4
G1947,AWST,22.9933,113.6042,2020-05-22 03:00:00,120.4
G4540,AWST,24.6889,113.0322,2022-06-02 16:00:00,120.3
G3209,AWST,22.7442,113.4536,2010-07-27 14:00:00,120.3
G2521,AWST,22.233333,110.7,2015-08-09 09:00:00,120.2
G1666,AWST,23.9925,116.3819,2020-09-04 17:00:00,120.1
G2187,AWST,21.9178,112.9761,2017-05-04 11:00:00,119.9
G1940,AWST,23.0897,113.9436,2010-05-07 01:00:00,119.9
G5406,AWST,23.1197,114.0283,2010-05-07 01:00:00,119.9
G7864,AWST,21.859167,110.959167,2017-08-23 16:00:00,119.9
G9502,AWST,23.0714,113.4761,2023-06-10 06:00:00,119.6
G2331,AWST,21.755159,111.614069,2018-05-10 04:00:00,119.6
G2764,AWST,24.5772,112.4247,2004-03-11 10:00:00,119.5
G6861,AWST,22.8344,112.9853,2025-08-14 18:00:00,119.3
G9502,AWST,23.0714,113.4761,2017-05-16 00:00:00,119.1
G1344,AWST,23.185,116.607222,2018-07-03 15:00:00,119.0
G2370,AWST,21.7914,111.4289,2023-10-20 07:00:00,119.0
G9540,AWST,22.8822,113.5503,2024-08-29 17:00:00,118.9
G6085,AWST,22.8464,113.8631,2023-05-23 04:00:00,118.9
G1740,AWST,23.1572,113.8917,2010-05-07 01:00:00,118.9
G1730,AWST,23.1883,115.3044,2013-08-16 19:00:00,118.9
G2764,AWST,24.5772,112.4247,2004-01-23 09:00:00,118.8
G2764,AWST,24.5772,112.4247,2004-03-12 10:00:00,118.8
59488,SURF,22.275,113.567,2013-05-22 04:00:00,118.7
G3202,AWST,22.697233,113.584439,2019-07-20 15:00:00,118.6
G1978,AWST,23.0786,113.7222,2013-05-22 14:00:00,118.4
G6059,AWST,22.8097,113.7328,2023-06-24 02:00:00,118.4
G1695,AWST,24.2797,116.0536,2023-08-20 15:00:00,118.3
G2662,AWST,23.35,112.2833,2007-06-27 19:00:00,118.3
59655,SURF,21.7316,110.6013,2013-05-07 15:00:00,118.2
G7711,AWST,21.827222,111.251389,2023-10-20 06:00:00,118.2
G1020,AWST,23.7214,113.7292,2005-03-08 18:00:00,118.0
G7312,AWST,21.8717,111.9892,2022-05-11 04:00:00,117.8
G1961,AWST,23.1139,113.7606,2010-05-07 01:00:00,117.7
G8010,AWST,24.050663,112.161084,2008-07-31 03:00:00,117.7
G2330,AWST,21.7737,111.7502,2025-05-18 11:00:00,117.7
G1936,AWST,23.0908,113.7211,2020-05-22 03:00:00,117.6
G7321,AWST,21.8442,112.0883,2022-05-11 05:00:00,117.5
59673,SURF,21.7358,112.7731,2003-06-10 22:00:00,117.4
G1941,AWST,23.1097,113.9719,2010-05-07 01:00:00,117.4
G1259,AWST,22.2583,113.3222,2024-05-04 10:00:00,117.4
G6843,AWST,23.2081,112.9544,2025-08-14 15:00:00,117.3
G2459,AWST,21.4397,110.7708,2012-04-18 10:00:00,117.3
G7912,AWST,21.7531,110.8286,2023-10-20 03:00:00,117.3
G2764,AWST,24.5772,112.4247,2004-03-10 17:00:00,117.3
G1968,AWST,22.8717,113.9961,2025-08-05 03:00:00,117.2
G2515,AWST,21.6686,110.9344,2023-10-20 03:00:00,117.2
G2307,AWST,21.8611,111.9636,2013-05-10 09:00:00,117.1
G6909,AWST,22.956668,113.113262,2024-05-06 20:00:00,117.1
G1936,AWST,23.0908,113.7211,2020-05-22 02:00:00,117.1
59659,SURF,21.749,110.912,2023-10-20 03:00:00,117.0
G3226,AWST,23.1572,113.5303,2020-05-22 03:00:00,117.0
G7857,AWST,21.83472,110.75694,2019-05-29 18:00:00,117.0
G2308,AWST,21.8811,111.8364,2022-05-11 03:00:00,116.9
G5636,AWST,22.856325,115.771332,2024-04-27 19:00:00,116.8
G1174,AWST,22.5949,114.1881,2023-09-07 22:00:00,116.8
G2106,AWST,22.05,112.7464,2017-08-25 19:00:00,116.7
G1961,AWST,23.1139,113.7606,2020-05-22 01:00:00,116.6
G2720,AWST,23.596667,112.800278,2006-06-02 20:00:00,116.6
G1028,AWST,23.4375,113.4756,2019-07-21 15:00:00,116.5
G7732,AWST,21.4721,111.1678,2025-06-17 05:00:00,116.5
G5040,AWST,23.9475,115.5356,2021-07-03 12:00:00,116.4
G2526,AWST,22.0,110.7,2023-10-20 03:00:00,116.3
G1059,AWST,23.45,113.2667,2017-05-07 03:00:00,116.3
G2764,AWST,24.5772,112.4247,2004-03-12 04:00:00,116.2
G7543,AWST,20.2414,110.165,2025-07-20 23:00:00,116.2
G1209,AWST,22.2422,113.5856,2013-05-22 04:00:00,116.1
G1011,AWST,23.289444,113.269252,2010-05-07 02:00:00,116.0
G2557,AWST,21.639059,110.503766,2016-07-04 19:00:00,116.0
G3143,AWST,23.415,113.7297,2010-05-07 00:00:00,116.0
G1920,AWST,23.0611,113.7306,2020-05-22 03:00:00,115.7
G2521,AWST,22.233333,110.7,2009-05-20 08:00:00,115.7
GJ108,AWST,22.3003,113.0369,2025-08-14 19:00:00,115.6
G1913,AWST,22.99,113.88,2010-05-07 02:00:00,115.5
G2476,AWST,21.269722,110.170556,2023-07-18 18:00:00,115.4
G2921,AWST,23.6319,116.2156,2014-08-26 14:00:00,115.4
G2173,AWST,22.3167,112.55,2007-02-27 12:00:00,115.4
G7350,AWST,21.8236,111.4373,2025-08-06 05:00:00,115.4
G2157,AWST,21.8292,112.5722,2023-06-16 07:00:00,115.3
G1906,AWST,22.7833,114.0167,2021-07-28 17:00:00,115.3
G1994,AWST,23.0631,113.7622,2020-05-22 03:00:00,115.2
G8107,AWST,23.649029,111.692387,2012-05-12 19:00:00,115.2
59284,SURF,23.420278,113.236667,2010-05-07 01:00:00,115.2
G3015,AWST,22.6119,112.2814,2023-06-01 10:00:00,115.1
G6521,AWST,21.965,112.8222,2017-08-23 14:00:00,115.0
G1963,AWST,23.0856,113.7756,2020-05-22 01:00:00,114.9
GQ037,AWST,22.2425,111.7226,2025-05-06 22:00:00,114.8
G1810,AWST,22.6719,115.5767,2022-05-12 23:00:00,114.7
G1233,AWST,22.2856,113.5492,2017-09-04 05:00:00,114.3
G4618,AWST,24.510005,113.615278,2019-05-18 07:00:00,114.3
G2703,AWST,23.555555,112.963055,2015-05-26 16:00:00,114.2
G1208,AWST,22.0611,113.145,2019-05-27 03:00:00,114.2
G2331,AWST,21.755159,111.614069,2018-05-10 23:00:00,114.1
G1208,AWST,22.0611,113.145,2019-05-27 04:00:00,114.1
G7919,AWST,21.688487,110.89774,2023-10-20 03:00:00,114.1
G6529,AWST,21.9592,112.8836,2022-05-12 11:00:00,114.0
G1282,AWST,22.3608,113.5883,2003-04-28 16:00:00,114.0
G6208,AWST,22.3544,113.3723,2025-06-17 04:00:00,114.0
G2440,AWST,20.2733,110.2206,2024-10-01 16:00:00,114.0
G2181,AWST,22.0956,112.9578,2013-05-08 15:00:00,114.0
G1379,AWST,23.118056,116.319722,2013-08-18 00:00:00,113.9
G3302,AWST,23.0864,113.4103,2016-01-01 09:00:00,113.8
G3551,AWST,22.683286,114.002246,2024-07-26 04:00:00,113.7
G1023,AWST,23.1658,113.7144,2020-05-22 01:00:00,113.7
G2077,AWST,22.319793,113.417066,2024-05-04 10:00:00,113.6
G1994,AWST,23.0631,113.7622,2010-05-07 01:00:00,113.4
59663,SURF,21.845277,111.978333,2008-08-22 18:00:00,113.3
G3735,AWST,22.813056,115.114167,2025-08-04 00:00:00,113.3
G2060,AWST,22.388694,113.279639,2013-05-08 21:00:00,113.2
G2451,AWST,21.3414,110.5958,2010-09-22 16:00:00,113.1
G1572,AWST,23.5,114.7,2021-05-31 06:00:00,113.1
59751,AWST,21.0128,110.5269,2021-04-08 23:00:00,112.9
G2453,AWST,21.4279,110.7165,2015-09-02 09:00:00,112.9
G3120,AWST,22.8233,113.5358,2008-06-06 17:00:00,112.7
G7739,AWST,21.531111,111.446944,2023-09-09 00:00:00,112.7
G2323,AWST,22.0668,111.9577,2012-04-27 22:00:00,112.7
G3502,AWST,22.653334,113.893889,2023-05-23 05:00:00,112.6
G7444,AWST,20.5719,110.4211,2019-05-25 16:00:00,112.6
G7132,AWST,21.6224,111.4635,2018-04-24 17:00:00,112.6
G1114,AWST,22.753612,115.038334,2020-06-08 03:00:00,112.4
G1205,AWST,22.0217,113.3853,2018-08-11 16:00:00,112.3
G1205,AWST,22.0217,113.3853,2013-05-22 06:00:00,112.3
G2764,AWST,24.5772,112.4247,2004-03-10 20:00:00,112.1
G1043,AWST,23.3261,113.1083,2009-05-02 01:00:00,112.1
G8545,AWST,24.4114,113.1631,2014-06-08 19:00:00,112.1
G1282,AWST,22.3608,113.5883,2003-02-25 15:00:00,112.0
G2370,AWST,21.7914,111.4289,2018-06-06 20:00:00,111.9
G3748,AWST,22.762444,114.262638,2015-08-14 13:00:00,111.9
G2527,AWST,21.909167,111.0694,2017-08-23 18:00:00,111.9
G1206,AWST,22.2047,113.4139,2024-05-04 11:00:00,111.6
G1989,AWST,22.8594,113.635,2010-09-09 02:00:00,111.6
G2173,AWST,22.3167,112.55,2006-05-27 11:00:00,111.6
G1628,AWST,24.3964,116.4189,2004-04-24 17:00:00,111.6
G2524,AWST,22.05,111.016667,2015-07-21 10:00:00,111.5
G6521,AWST,21.965,112.8222,2017-08-23 15:00:00,111.5
G2352,AWST,22.0386,111.6,2017-06-22 05:00:00,111.5
59664,SURF,21.5458,110.9886,2023-10-20 04:00:00,111.4
G2507,AWST,21.6522,110.9361,2023-10-20 03:00:00,111.4
G6606,AWST,22.27639,112.73167,2017-10-05 04:00:00,111.4
G2479,AWST,21.385833,110.246111,2016-08-11 13:00:00,111.3
G1508,AWST,23.7378,114.6867,2015-05-20 06:00:00,111.2
G2451,AWST,21.3414,110.5958,2015-11-21 04:00:00,111.1
G2551,AWST,21.6952,110.4734,2025-05-23 16:00:00,111.1
G1840,AWST,23.0014,115.8936,2015-05-20 00:00:00,111.1
G1022,AWST,23.2917,113.6178,2017-05-07 06:00:00,111.0
G1902,AWST,22.9667,113.9831,2010-05-07 02:00:00,111.0
G1826,AWST,22.829167,115.127223,2015-05-27 12:00:00,111.0
G6018,AWST,22.9944,113.6205,2024-08-20 17:00:00,111.0
G6946,AWST,23.3811,112.9094,2020-06-06 17:00:00,110.9
G2722,AWST,23.902222,112.779167,2008-12-01 10:00:00,110.7
G3440,AWST,23.4508,113.4203,2018-07-14 08:00:00,110.6
G2510,AWST,21.6783,110.8922,2019-04-13 16:00:00,110.6
G2506,AWST,21.655556,111.070556,2023-10-20 05:00:00,110.4
G2334,AWST,21.6564,111.7528,2010-05-31 20:00:00,110.4
G1978,AWST,23.0786,113.7222,2020-05-22 02:00:00,110.4
G1977,AWST,23.1075,113.9247,2025-08-02 11:00:00,110.3
G1062,AWST,23.1211,113.6147,2020-05-22 03:00:00,110.3
G7918,AWST,21.6714,110.7394,2025-06-16 09:00:00,110.0
G1928,AWST,23.0797,113.8658,2010-05-07 01:00:00,109.9
G5668,AWST,22.846134,115.755924,2024-04-27 19:00:00,109.8
G2186,AWST,21.9019,112.9739,2024-05-27 08:00:00,109.8
G1925,AWST,23.035,113.9569,2010-09-10 00:00:00,109.8
G1051,AWST,23.1906,113.2542,2013-06-03 21:00:00,109.8
G5667,AWST,22.846134,115.755924,2024-04-27 19:00:00,109.7
G5406,AWST,23.1197,114.0283,2010-09-10 00:00:00,109.7
G6625,AWST,22.5381,112.4539,2016-11-20 20:00:00,109.7
G6529,AWST,21.9592,112.8836,2022-05-12 10:00:00,109.5
G7761,AWST,22.4658,110.9072,2017-06-22 07:00:00,109.4
G3414,AWST,23.4428,113.3153,2017-05-07 03:00:00,109.4
G1909,AWST,23.035,113.7431,2005-05-25 04:00:00,109.3
G6625,AWST,22.5381,112.4539,2022-06-18 06:00:00,109.3
G2168,AWST,22.3358,112.2225,2017-06-22 03:00:00,109.2
G3122,AWST,23.1872,113.7933,2020-05-22 01:00:00,109.2
G2173,AWST,22.3167,112.55,2007-02-26 07:00:00,109.2
GQ023,AWST,21.797576,111.763434,2025-05-18 11:00:00,109.1
G1965,AWST,23.0311,114.01,2010-05-07 02:00:00,109.1
G7349,AWST,21.8236,111.4373,2025-08-06 05:00:00,109.0
G1833,AWST,22.8794,116.0961,2007-06-08 11:00:00,109.0
G5968,AWST,22.73917,113.75222,2023-06-24 01:00:00,109.0
G2948,AWST,23.1183,116.0322,2010-06-25 03:00:00,109.0
G8365,AWST,24.076667,113.619167,2020-06-09 06:00:00,109.0
G2527,AWST,21.909167,111.0694,2023-10-20 05:00:00,108.9
G4637,AWST,24.498056,114.274722,2021-05-17 09:00:00,108.9
G2318,AWST,21.9314,112.0681,2010-05-15 00:00:00,108.9
G3528,AWST,22.76085,113.944444,2010-05-07 03:00:00,108.9
G1028,AWST,23.4375,113.4756,2005-04-25 01:00:00,108.9
G1995,AWST,23.0511,113.7753,2025-08-14 12:00:00,108.8
G2929,AWST,23.5942,116.4653,2011-06-16 19:00:00,108.8
G2323,AWST,22.0668,111.9577,2008-07-14 20:00:00,108.8
G1973,AWST,23.1011,113.8061,2010-05-07 01:00:00,108.7
G1285,AWST,22.3822,113.5633,2024-05-04 12:00:00,108.6
G3659,AWST,22.571112,114.190278,2023-09-07 22:00:00,108.6
G3756,AWST,22.8017,113.8603,2023-05-23 04:00:00,108.5
G2320,AWST,21.7417,112.2233,2023-10-20 10:00:00,108.5
G2520,AWST,22.094311,111.090859,2010-09-21 11:00:00,108.4
G2817,AWST,23.8844,116.5964,2011-06-26 18:00:00,108.4
G2167,AWST,22.0661,112.2375,2014-03-31 10:00:00,108.3
G2571,AWST,21.920833,110.985278,2023-10-20 04:00:00,108.3
G6608,AWST,21.8678,112.9261,2024-05-27 09:00:00,108.2
G2939,AWST,23.4381,115.8392,2011-06-16 17:00:00,108.2
G1040,AWST,23.3881,113.3992,2011-04-19 15:00:00,108.2
G1993,AWST,23.0858,113.8253,2010-05-07 01:00:00,108.2
G2106,AWST,22.05,112.7464,2014-05-09 09:00:00,108.1
GK400,AWST,21.914444,111.060278,2023-10-20 04:00:00,108.0
G1912,AWST,23.119513,113.862779,2013-08-16 03:00:00,108.0
G6805,AWST,22.95967,113.131968,2024-05-06 20:00:00,107.9
G3212,AWST,22.6983,113.6514,2014-08-20 05:00:00,107.9
G8303,AWST,23.5489,113.1439,2020-06-08 00:00:00,107.9
G1401,AWST,24.800565,113.551398,2015-10-31 11:00:00,107.9
G7761,AWST,22.4658,110.9072,2024-05-27 20:00:00,107.8
G6819,AWST,22.8724,112.9953,2025-08-14 18:00:00,107.7
G6520,AWST,21.9356,112.6103,2014-05-10 17:00:00,107.7
G3563,AWST,22.543139,114.478326,2016-05-21 03:00:00,107.6
G2338,AWST,21.7903,112.0975,2012-04-27 22:00:00,107.6
G1286,AWST,21.9417,113.2706,2025-06-17 08:00:00,107.6
G2982,AWST,23.3489,116.0719,2018-09-08 18:00:00,107.5
G8924,AWST,23.4377,116.0802,2022-06-06 16:00:00,107.5
59289,SURF,22.9664,113.7392,2010-05-07 02:00:00,107.4
G3235,AWST,23.1686,113.4392,2017-05-07 10:00:00,107.4
G3263,AWST,23.4094,113.3572,2010-05-07 01:00:00,107.4
G8958,AWST,23.1456,116.0714,2021-07-17 14:00:00,107.4
59500,SURF,23.018,115.313,2022-06-12 11:00:00,107.3
G3226,AWST,23.1572,113.5303,2020-05-22 02:00:00,107.3
G2481,AWST,20.9233,110.0961,2015-11-14 21:00:00,107.3
G2157,AWST,21.8292,112.5722,2024-09-14 13:00:00,107.3
G1252,AWST,22.2036,113.3731,2024-05-04 10:00:00,107.2
G2473,AWST,21.359444,110.133056,2012-08-06 16:00:00,107.2
G1995,AWST,23.0511,113.7753,2020-05-22 02:00:00,107.2
G8256,AWST,22.9497,112.425,2025-06-03 03:00:00,107.1
G2934,AWST,23.3914,115.9944,2023-08-17 16:00:00,107.1
G1739,AWST,22.9867,114.7206,2011-09-02 14:00:00,107.0
G7724,AWST,21.834722,111.360833,2023-10-20 07:00:00,107.0
G1972,AWST,23.0106,113.9714,2010-05-07 02:00:00,107.0
G1912,AWST,23.119513,113.862779,2005-08-19 21:00:00,107.0
G3539,AWST,22.776958,114.304098,2016-05-03 16:00:00,107.0
G2570,AWST,22.061667,110.789167,2016-08-02 16:00:00,106.9
G3549,AWST,22.602138,114.267348,2018-06-06 14:00:00,106.8
G3731,AWST,22.6956,114.3994,2018-08-31 17:00:00,106.7
G2154,AWST,21.65144,112.5833,2011-05-22 12:00:00,106.6
G1043,AWST,23.3261,113.1083,2009-05-01 21:00:00,106.6
G2401,AWST,21.0128,110.5269,2021-04-08 23:00:00,106.6
59650,SURF,21.4036,110.2444,2008-08-23 06:00:00,106.6
59486,SURF,22.6536,113.8936,2023-05-23 05:00:00,106.5
G5411,AWST,23.4842,114.5247,2021-05-31 08:00:00,106.5
G6132,AWST,22.993056,113.736389,2024-06-03 06:00:00,106.5
G2322,AWST,21.9577,112.1013,2022-05-11 05:00:00,106.5
G2696,AWST,23.0856,112.4178,2021-08-08 18:00:00,106.4
G1741,AWST,23.1524,114.1516,2015-05-04 23:00:00,106.3
G3958,AWST,22.1911,113.1483,2024-05-04 08:00:00,106.3
G6946,AWST,23.3811,112.9094,2016-06-08 23:00:00,106.3
G9584,AWST,23.3403,113.5336,2024-07-27 08:00:00,106.2
59673,SURF,21.7358,112.7731,2020-05-21 06:00:00,106.2
G2176,AWST,22.3306,112.5736,2013-05-08 12:00:00,106.2
G2037,AWST,22.217444,113.415694,2024-05-04 11:00:00,106.1
G2549,AWST,21.5,111.0,2025-06-17 07:00:00,106.1
G2510,AWST,21.6783,110.8922,2022-07-07 07:00:00,106.1
G2271,AWST,23.0619,112.9478,2005-06-05 04:00:00,106.1
G3578,AWST,22.5578,114.2325,2018-06-06 14:00:00,106.0
G2252,AWST,23.017457,113.235167,2022-09-08 19:00:00,106.0
G2771,AWST,24.2583,113.1294,2014-05-22 12:00:00,106.0
G3760,AWST,22.6853,114.2339,2016-08-10 08:00:00,106.0
59673,SURF,21.7358,112.7731,2024-07-28 21:00:00,105.9
G3640,AWST,22.480366,114.526449,2015-05-20 17:00:00,105.9
G5553,AWST,23.6267,114.19295,2021-05-31 06:00:00,105.9
G5033,AWST,24.69173,116.161559,2020-02-01 12:00:00,105.8
G1959,AWST,22.8369,114.2061,2023-06-13 16:00:00,105.8
G2308,AWST,21.8811,111.8364,2025-06-17 00:00:00,105.8
G1564,AWST,24.05,115.1833,2010-05-06 17:00:00,105.8
G1214,AWST,21.9367,113.2372,2022-05-12 05:00:00,105.8
G3016,AWST,22.699558,112.116372,2021-06-23 09:00:00,105.8
G1573,AWST,23.4042,114.9014,2023-05-23 00:00:00,105.7
G1912,AWST,23.119513,113.862779,2010-05-07 01:00:00,105.7
G2115,AWST,22.7336,112.84,2025-08-14 18:00:00,105.7
G1823,AWST,23.1794,115.4186,2012-06-22 20:00:00,105.6
G7414,AWST,20.9528,109.7808,2013-08-15 18:00:00,105.6
G2330,AWST,21.7737,111.7502,2022-06-11 07:00:00,105.5
G7919,AWST,21.688487,110.89774,2023-09-10 04:00:00,105.5
G2503,AWST,22.2,111.316667,2010-09-21 09:00:00,105.5
G1215,AWST,22.2542,113.5656,2024-05-04 12:00:00,105.5
G2320,AWST,21.7417,112.2233,2004-05-08 02:00:00,105.4
GK221,AWST,21.6269,110.7011,2025-06-16 09:00:00,105.4
G2817,AWST,23.8844,116.5964,2010-09-02 12:00:00,105.4
G1235,AWST,21.9956,113.1581,2019-05-27 07:00:00,105.3
G3221,AWST,23.1397,113.34,2024-08-21 13:00:00,105.3
G1206,AWST,22.2047,113.4139,2008-07-10 07:00:00,105.2
G7867,AWST,22.153611,110.707778,2017-05-02 14:00:00,105.2
G1705,AWST,23.2494,114.1233,2008-07-12 18:00:00,105.2
G6512,AWST,22.1622,112.3722,2015-05-11 18:00:00,105.1
GQ031,AWST,22.3028,111.7709,2025-05-07 18:00:00,105.1
G2764,AWST,24.5772,112.4247,2004-03-10 22:00:00,105.1
G6848,AWST,23.005591,113.220543,2022-09-08 19:00:00,105.1
G1810,AWST,22.6719,115.5767,2022-05-12 22:00:00,105.0
G5542,AWST,23.6,114.1039,2020-05-20 02:00:00,104.9
G5605,AWST,22.9481,115.3825,2024-06-16 12:00:00,104.9
G1848,AWST,23.1272,115.6003,2018-08-31 07:00:00,104.7
G1735,AWST,22.6525,114.7336,2022-06-07 05:00:00,104.7
G3537,AWST,22.7459,114.3653,2009-11-25 09:00:00,104.6
G2108,AWST,22.0586,112.5475,2017-05-04 10:00:00,104.6
G1234,AWST,21.9958,113.1583,2019-05-27 07:00:00,104.6
G2561,AWST,22.2685,110.9319,2015-07-21 13:00:00,104.6
G2158,AWST,21.9803,113.0133,2011-05-22 07:00:00,104.4
G8543,AWST,24.1978,112.9131,2024-08-12 20:00:00,104.4
G2480,AWST,21.0833,110.0,2017-05-20 22:00:00,104.4
G2527,AWST,21.909167,111.0694,2015-07-21 09:00:00,104.4
G2832,AWST,23.6972,116.8761,2006-07-15 20:00:00,104.3
G6529,AWST,21.9592,112.8836,2019-06-25 22:00:00,104.2
G7560,AWST,21.7967,110.3297,2023-04-24 11:00:00,104.2
G2528,AWST,21.905,110.715556,2023-10-20 03:00:00,104.2
G3526,AWST,22.7033,113.7683,2010-09-09 02:00:00,104.2
G2322,AWST,21.9577,112.1013,2018-08-11 12:00:00,104.2
G1992,AWST,23.0842,113.8483,2010-05-07 01:00:00,104.2
G2323,AWST,22.0668,111.9577,2017-07-03 02:00:00,104.1
G1202,AWST,22.1672,113.1247,2024-05-04 08:00:00,104.1
G1256,AWST,22.1611,113.3619,2025-06-17 07:00:00,104.0
G6535,AWST,22.1431,112.4258,2015-05-11 18:00:00,104.0
G7740,AWST,21.531111,111.446944,2023-09-09 00:00:00,104.0
G5100,AWST,24.4261,115.6325,2016-08-26 17:00:00,103.9
G3564,AWST,22.7647,114.2381,2015-08-14 13:00:00,103.9
G2306,AWST,22.0539,111.7508,2013-05-08 06:00:00,103.9
G2157,AWST,21.8292,112.5722,2014-05-10 18:00:00,103.8
G1994,AWST,23.0631,113.7622,2020-05-22 02:00:00,103.8
59088,SURF,24.1906,113.4133,2024-04-04 17:00:00,103.8
G7853,AWST,21.9575,111.096111,2023-10-20 05:00:00,103.8
G6818,AWST,22.8531,112.9372,2025-08-14 18:00:00,103.8
G8300,AWST,23.6203,113.0669,2020-06-07 23:00:00,103.7
G2053,AWST,22.326111,113.478056,2012-04-29 06:00:00,103.7
59754,SURF,20.242778,110.165,2011-07-17 06:00:00,103.7
G7812,AWST,21.9342,110.56,2023-10-20 02:00:00,103.7
G2043,AWST,22.531389,113.540833,2017-06-13 11:00:00,103.6
G2077,AWST,22.319793,113.417066,2024-05-04 11:00:00,103.6
G2463,AWST,21.6192,110.2831,2021-04-26 08:00:00,103.6
59663,SURF,21.845277,111.978333,2006-05-04 20:00:00,103.6
G1217,AWST,22.1339,113.4833,2021-06-01 06:00:00,103.5
G2120,AWST,22.2689,113.0953,2025-05-07 13:00:00,103.5
G3130,AWST,22.961389,113.406667,2024-08-21 11:00:00,103.5
G3743,AWST,22.6558,114.1506,2025-07-31 04:00:00,103.5
G1649,AWST,23.911667,115.751389,2010-08-26 19:00:00,103.5
59303,SURF,23.9114,115.7525,2010-08-26 19:00:00,103.5
G3016,AWST,22.699558,112.116372,2012-04-13 17:00:00,103.5
G1211,AWST,22.3978,113.63,2018-08-29 20:00:00,103.5
G1939,AWST,23.0636,113.9553,2010-09-10 00:00:00,103.5
G3558,AWST,22.615984,114.148151,2010-09-09 00:00:00,103.4
G2774,AWST,24.171389,112.895278,2024-08-12 20:00:00,103.4
G5542,AWST,23.6,114.1039,2021-05-31 07:00:00,103.3
G1032,AWST,23.0947,113.4531,2007-05-26 13:00:00,103.3
G8350,AWST,24.0258,113.5792,2014-05-17 09:00:00,103.2
G2161,AWST,22.1267,112.1622,2013-05-23 18:00:00,103.2
G1968,AWST,22.8717,113.9961,2013-07-04 01:00:00,103.2
G2113,AWST,22.8256,112.9475,2025-08-14 18:00:00,103.2
G1023,AWST,23.1658,113.7144,2014-06-09 03:00:00,103.2
G5940,AWST,22.9925,113.7036,2020-05-22 03:00:00,103.1
G2479,AWST,21.385833,110.246111,2004-07-20 01:00:00,103.1
G1753,AWST,23.8375,114.0897,2023-05-19 00:00:00,103.1
G8906,AWST,23.2106,115.775,2023-05-23 00:00:00,103.0
G2524,AWST,22.05,111.016667,2009-05-20 09:00:00,103.0
G3317,AWST,23.2928,113.8186,2010-05-07 00:00:00,103.0
G4650,AWST,24.1736,114.5259,2017-06-03 22:00:00,103.0
59673,SURF,21.7358,112.7731,2016-08-02 10:00:00,103.0
G9502,AWST,23.0714,113.4761,2023-06-13 18:00:00,102.9
G1986,AWST,22.99,113.9733,2013-08-30 05:00:00,102.9
G3162,AWST,23.1919,113.5642,2020-05-22 03:00:00,102.9
G2643,AWST,23.4064,112.1144,2008-06-25 16:00:00,102.8
G3756,AWST,22.8017,113.8603,2016-09-13 16:00:00,102.8
G3118,AWST,22.8583,113.5433,2024-08-29 17:00:00,102.8
G7906,AWST,21.974444,110.876667,2023-10-20 04:00:00,102.7
G1650,AWST,24.2658,116.8981,2020-07-28 20:00:00,102.7
GL502,AWST,22.68,114.9561,2025-08-03 02:00:00,102.6
G1994,AWST,23.0631,113.7622,2021-05-31 18:00:00,102.6
G3322,AWST,23.2253,113.6019,2023-08-20 05:00:00,102.6
G2773,AWST,24.0106,113.4161,2023-06-23 06:00:00,102.6
G1666,AWST,23.9925,116.3819,2023-08-17 19:00:00,102.6
G3324,AWST,22.9478,113.3142,2022-09-08 19:00:00,102.6
G2326,AWST,21.874917,112.012694,2022-05-11 04:00:00,102.5
G2308,AWST,21.8811,111.8364,2013-06-13 00:00:00,102.5
G8058,AWST,23.764,112.5331,2008-06-26 08:00:00,102.5
59659,SURF,21.749,110.912,2013-07-15 09:00:00,102.5
G2665,AWST,23.0833,112.7833,2010-05-07 05:00:00,102.4
G5958,AWST,22.8702,113.8756,2023-06-26 16:00:00,102.4
G2173,AWST,22.3167,112.55,2007-02-24 17:00:00,102.4
G8013,AWST,23.9958,112.4908,2008-07-18 21:00:00,102.3
G7859,AWST,21.820833,110.862778,2023-10-20 03:00:00,102.3
G2484,AWST,20.85,109.85,2011-10-01 17:00:00,102.2
G1205,AWST,22.0217,113.3853,2012-10-30 09:00:00,102.1
G2112,AWST,22.30806,113.15222,2019-06-12 21:00:00,102.1
G5503,AWST,22.7258,114.8303,2024-06-16 12:00:00,102.0
G8355,AWST,23.8667,113.5333,2020-06-07 17:00:00,102.0
G2772,AWST,24.1869,113.1103,2016-10-29 18:00:00,102.0
G5016,AWST,23.7986,116.2267,2020-08-27 16:00:00,102.0
G1493,AWST,24.46222,113.831389,2012-05-01 23:00:00,102.0
G6524,AWST,22.2989,112.6919,2013-05-08 13:00:00,101.9
59754,SURF,20.242778,110.165,2008-08-06 23:00:00,101.9
59284,SURF,23.420278,113.236667,2023-07-30 02:00:00,101.9
G3535,AWST,22.5547,114.2239,2023-09-07 21:00:00,101.8
G1845,AWST,22.9183,115.7914,2021-05-31 09:00:00,101.8
G5954,AWST,23.0117,113.7517,2024-06-03 07:00:00,101.8
G1733,AWST,22.9444,114.645,2014-06-21 03:00:00,101.8
G2307,AWST,21.8611,111.9636,2025-06-17 10:00:00,101.8
G2202,AWST,22.9806,113.0422,2025-08-14 18:00:00,101.7
G7003,AWST,23.3614,112.9056,2016-06-08 23:00:00,101.7
G1205,AWST,22.0217,113.3853,2018-08-11 15:00:00,101.7
G1836,AWST,23.0383,115.7339,2011-06-16 14:00:00,101.7
G8903,AWST,23.3411,116.1875,2018-09-05 14:00:00,101.6
59673,SURF,21.7358,112.7731,2006-05-28 04:00:00,101.6
G7721,AWST,21.467222,111.137778,2025-06-17 05:00:00,101.6
G2182,AWST,22.0122,112.8603,2014-05-09 12:00:00,101.6
G3121,AWST,22.7511,113.5725,2023-06-10 07:00:00,101.6
G2515,AWST,21.6686,110.9344,2023-10-20 04:00:00,101.6
G7434,AWST,21.0675,109.834444,2022-07-03 09:00:00,101.6
G6944,AWST,23.3833,112.8814,2016-06-08 23:00:00,101.6
G3324,AWST,22.9478,113.3142,2022-09-08 20:00:00,101.5
G2459,AWST,21.4397,110.7708,2023-10-20 02:00:00,101.5
59656,SURF,21.4058,110.81,2023-10-20 02:00:00,101.5
G2202,AWST,22.9806,113.0422,2025-08-14 17:00:00,101.5
G2486,AWST,20.5983,110.0453,2013-06-16 15:00:00,101.4
G1841,AWST,23.1178,115.5928,2018-05-07 16:00:00,101.4
G7768,AWST,22.2833,111.3986,2023-07-01 18:00:00,101.4
G2191,AWST,22.1567,113.0169,2013-05-08 15:00:00,101.4
G1372,AWST,23.0808,116.369444,2014-06-16 04:00:00,101.4
59650,SURF,21.4036,110.2444,2016-08-11 13:00:00,101.4
G2052,AWST,22.523806,113.567972,2017-06-13 11:00:00,101.4
G5955,AWST,23.0108,113.7506,2024-06-03 07:00:00,101.4
G6806,AWST,22.9847,113.1303,2024-05-06 20:00:00,101.4
G2173,AWST,22.3167,112.55,2007-02-24 22:00:00,101.3
G9502,AWST,23.0714,113.4761,2020-05-22 04:00:00,101.3
GE214,AWST,22.862454,113.161224,2024-06-03 06:00:00,101.3
G7726,AWST,21.8986,111.2658,2023-10-20 06:00:00,101.3
G7510,AWST,20.9233,110.0406,2018-05-05 18:00:00,101.3
G2136,AWST,22.495,112.8553,2014-07-25 00:00:00,101.2
G3241,AWST,23.139712,113.31794,2020-08-26 18:00:00,101.2
G2157,AWST,21.8292,112.5722,2019-04-13 12:00:00,101.2
G2635,AWST,23.748071,111.794064,2008-07-31 05:00:00,101.2
G2109,AWST,22.3772,112.3875,2003-04-30 00:00:00,101.2
G1873,AWST,22.9539,115.5667,2018-06-22 05:00:00,101.1
G3224,AWST,23.1381,113.2733,2012-08-21 21:00:00,101.1
G2105,AWST,21.87,112.4361,2004-05-08 02:00:00,101.1
G4612,AWST,24.547706,113.523611,2015-07-02 02:00:00,101.0
G3250,AWST,23.095488,113.5631,2020-05-22 02:00:00,100.9
G7909,AWST,21.9675,110.978056,2025-04-28 17:00:00,100.9
G2031,AWST,22.264111,113.3445,2024-05-04 09:00:00,100.9
G8513,AWST,24.4586,112.4808,2025-08-14 12:00:00,100.9
G3229,AWST,23.2747,113.5714,2010-05-07 01:00:00,100.9
G7050,AWST,22.811059,112.526439,2021-06-01 14:00:00,100.8
G2310,AWST,21.6675,111.9308,2016-05-20 23:00:00,100.8
G9555,AWST,23.3464,113.5158,2024-07-27 08:00:00,100.8
G2307,AWST,21.8611,111.9636,2018-08-11 20:00:00,100.8
G6029,AWST,22.738889,114.1563,2025-08-05 04:00:00,100.8
G3566,AWST,22.5342,114.4842,2016-05-21 03:00:00,100.8
G1676,AWST,24.5936,116.1272,2020-05-11 21:00:00,100.7
G1810,AWST,22.6719,115.5767,2022-05-13 00:00:00,100.7
59304,SURF,23.6519,115.1653,2025-08-11 14:00:00,100.7
G1260,AWST,22.2072,113.2089,2023-07-04 13:00:00,100.6
G2952,AWST,23.0672,115.9764,2010-06-25 05:00:00,100.5
G2188,AWST,22.0292,112.6392,2015-05-16 12:00:00,100.5
G1996,AWST,22.9383,113.6564,2010-05-07 16:00:00,100.5
G1978,AWST,23.0786,113.7222,2010-05-07 01:00:00,100.5
G1059,AWST,23.45,113.2667,2021-06-01 16:00:00,100.5
G2112,AWST,22.30806,113.15222,2008-06-18 08:00:00,100.4
59672,AWST,21.6994,112.8014,2020-05-21 06:00:00,100.4
G1929,AWST,23.0269,113.6067,2020-05-22 03:00:00,100.4
G3164,AWST,23.2944,113.46,2010-05-07 01:00:00,100.4
G2152,AWST,22.1397,112.8122,2009-05-23 10:00:00,100.4
G2350,AWST,22.0978,111.3558,2010-09-21 05:00:00,100.3
G2426,AWST,21.0544,110.1686,2012-10-29 20:00:00,100.3
G2322,AWST,21.9577,112.1013,2022-05-11 04:00:00,100.3
G5137,AWST,24.6503,116.1269,2021-03-13 14:00:00,100.3
G3514,AWST,22.560553,114.214321,2023-09-07 21:00:00,100.3
G2502,AWST,22.4694,111.5728,2025-05-23 17:00:00,100.2
G2720,AWST,23.596667,112.800278,2006-06-13 21:00:00,100.2
G2546,AWST,21.837222,111.153611,2023-10-20 06:00:00,100.2
G1851,AWST,23.258611,115.533056,2012-06-22 13:00:00,100.2
G1948,AWST,23.1247,113.74,2020-05-22 02:00:00,100.2
G3095,AWST,22.5872,111.335,2016-09-09 14:00:00,100.2
G1223,AWST,22.3556,113.5356,2021-06-13 07:00:00,100.2
G2557,AWST,21.639059,110.503766,2010-07-23 07:00:00,100.1
G1918,AWST,22.9836,113.8031,2017-05-16 02:00:00,100.1
G1059,AWST,23.45,113.2667,2017-05-07 02:00:00,100.1
G1282,AWST,22.3608,113.5883,2003-03-04 14:00:00,100.1
59470,SURF,22.7628,112.2072,2021-08-01 17:00:00,100.1
G1282,AWST,22.3608,113.5883,2003-04-07 18:00:00,100.1
G8914,AWST,23.3619,116.0989,2023-05-19 18:00:00,100.1
