stacode,date_stt,date_end,n_exceedances
G1015,2005-07-25,2005-07-25,1
G1032,2005-03-16,2005-03-16,1
G1043,2009-05-01,2009-05-02,2
G1071,2005-07-24,2005-07-24,1
G1210,2008-06-08,2008-06-08,2
G1222,2016-05-22,2016-05-23,2
G1282,2003-02-27,2003-04-28,49
G1401,2008-02-02,2008-02-02,2
G1402,2008-02-02,2008-02-02,2
G1426,2005-10-27,2005-10-27,1
G1481,2006-08-15,2006-08-15,1
G1482,2006-05-30,2006-05-30,1
G1640,2004-03-21,2004-03-21,1
G1705,2008-05-08,2008-05-08,1
G1741,2007-03-16,2007-03-17,6
G1936,2006-06-21,2006-07-02,4
G2109,2003-01-15,2003-01-15,1
G2109,2003-04-05,2003-04-28,31
G2109,2003-05-31,2003-06-23,14
G2109,2008-01-17,2008-01-17,1
G2113,2008-01-17,2008-01-17,1
G2135,2008-01-17,2008-01-17,1
G2140,2008-01-17,2008-01-17,1
G2141,2005-07-25,2005-07-25,1
G2158,2008-01-17,2008-01-17,1
G2164,2008-01-17,2008-01-17,1
G2171,2008-01-17,2008-01-17,1
G2173,2007-02-25,2007-02-27,13
G2308,2013-06-23,2013-06-23,1
G2340,2003-04-24,2003-04-24,1
G2505,2009-08-05,2009-08-05,2
G2631,2005-09-26,2005-09-26,1
G2632,2005-12-14,2005-12-14,1
G2633,2006-01-04,2006-01-04,1
G2635,2006-02-12,2006-02-16,3
G2696,2019-10-26,2019-10-26,1
G2722,2008-12-01,2008-12-01,1
G2764,2004-01-23,2004-01-23,1
G2764,2004-02-28,2004-03-13,26
G2775,2004-10-22,2004-10-31,11
G3531,2009-06-19,2009-06-19,1
G4507,2015-11-01,2015-11-01,1
G4540,2022-06-02,2022-06-02,1
G5605,2022-02-12,2022-02-12,1
G6551,2016-05-11,2016-05-11,1
G8207,2009-08-23,2009-08-23,1
